[
    {
        "database_name":"HERE_EU16Q4",
        "version":"16Q4",
        "vendor":"HERE",
        "region":"EU",
        "size":1014906724044
    },
    {
        "database_name":"HERE_EU17Q1",
        "version":"17Q1",
        "vendor":"HERE",
        "region":"EU",
        "size":977855422156
    },
    {
        "database_name":"HERE_EU17Q2",
        "version":"17Q2",
        "vendor":"HERE",
        "region":"EU",
        "size":1028434845388
    },
    {
        "database_name":"HERE_EU17Q3",
        "version":"17Q3",
        "vendor":"HERE",
        "region":"EU",
        "size":1050980622028
    },
    {
        "database_name":"HERE_EU17Q4",
        "version":"17Q4",
        "vendor":"HERE",
        "region":"EU",
        "size":1056407183052
    },
    {
        "database_name":"UniDB_HERE_EU16Q1_1.0.0-gen3.432952-20160517161631-RC",
        "version":"16Q1",
        "vendor":"HERE",
        "region":"EU",
        "size":685803364044
    },
    {
        "database_name":"UniDB_HERE_EU16Q2_1.0.0.467919-20161128223110-RC",
        "version":"16Q2",
        "vendor":"HERE",
        "region":"EU",
        "size":657650147020
    },
    {
        "database_name":"UniDB_HERE_EU16Q3_1.0.0.467919-20161202184147-RC",
        "version":"16Q3",
        "vendor":"HERE",
        "region":"EU",
        "size":670735916748
    },
    {
        "database_name":"UniDB_HERE_EU16Q4_1.0.0.470618-20170122192525-RC",
        "version":"16Q4",
        "vendor":"HERE",
        "region":"EU",
        "size":800595664588
    },
    {
        "database_name":"UniDB_HERE_EU17Q3_1.0.0.513888-20170929193626-RC",
        "version":"17Q3",
        "vendor":"HERE",
        "region":"EU",
        "size":786463235788
    },
    {
        "database_name":"UniDB_HERE_EU17Q4_1.0.0.522408-20171204223754-RC",
        "version":"17Q4",
        "vendor":"HERE",
        "region":"EU",
        "size":760482946764
    },
    {
        "database_name":"UniDB_HERE_EU16Q1_1.0.0-gen3.432952-20170321041943-RC-TURKEY",
        "version":"16Q1",
        "vendor":"HERE",
        "region":"TUR",
        "size":26174054092
    },
    {
        "database_name":"UniDB_HERE_EU16Q2_1.0.0.470618-20170211033734-RC-TURKEY",
        "version":"16Q2",
        "vendor":"HERE",
        "region":"TUR",
        "size":29562969804
    },
    {
        "database_name":"UniDB_HERE_EU16Q3_1.0.0.470618-20170320214028-RC-TURKEY",
        "version":"16Q3",
        "vendor":"HERE",
        "region":"TUR",
        "size":29858382340
    },
    {
        "database_name":"UniDB_HERE_EU16Q4_1.0.0.470618-20170322064358-RC-TURKEY",
        "version":"16Q4",
        "vendor":"HERE",
        "region":"TUR",
        "size":30378352332
    },
    {
        "database_name":"UniDB_HERE_EU17Q3_1.0.0.513158-20171005042224-RC-TURKEY",
        "version":"17Q3",
        "vendor":"HERE",
        "region":"TUR",
        "size":33625546444
    },
    {
        "database_name":"UniDB_HERE_EU17Q4_1.0.0.523239-20171212190711-RC-TURKEY",
        "version":"17Q4",
        "vendor":"HERE",
        "region":"TUR",
        "size":35209699020
    }
]