[
    {
        "data_time":"",
        "data_type":"",
        "region":"ANZ",
        "version":"16Q4",
        "database_name":"HERE_ANZ16Q4",
        "size":37581750788
    },
    {
        "data_time":"",
        "data_type":"",
        "region":"ANZ",
        "version":"17Q1",
        "database_name":"HERE_ANZ17Q1",
        "size":38119801348
    },
    {
        "data_time":"",
        "data_type":"",
        "region":"ANZ",
        "version":"17Q2",
        "database_name":"HERE_ANZ17Q2",
        "size":40788656644
    },
    {
        "data_time":"",
        "data_type":"",
        "region":"ANZ",
        "version":"17Q3",
        "database_name":"HERE_ANZ17Q3",
        "size":41290072580
    },
    {
        "data_time":"",
        "data_type":"",
        "region":"ANZ",
        "version":"17Q4",
        "database_name":"HERE_ANZ17Q4",
        "size":42456613380
    },
    {
        "data_time":"",
        "data_type":"",
        "region":"EU",
        "version":"14Q4",
        "database_name":"HERE_EU14Q4",
        "size":825700403384
    },
    {
        "data_time":"",
        "data_type":"",
        "region":"EU",
        "version":"16Q4",
        "database_name":"HERE_EU16Q4",
        "size":1014906724044
    },
    {
        "data_time":"",
        "data_type":"",
        "region":"EU",
        "version":"17Q1",
        "database_name":"HERE_EU17Q1",
        "size":977855422156
    },
    {
        "data_time":"",
        "data_type":"",
        "region":"EU",
        "version":"17Q2",
        "database_name":"HERE_EU17Q2",
        "size":1028434845388
    },
    {
        "data_time":"",
        "data_type":"",
        "region":"EU",
        "version":"17Q3",
        "database_name":"HERE_EU17Q3",
        "size":1050980622028
    },
    {
        "data_time":"",
        "data_type":"",
        "region":"EU",
        "version":"17Q4",
        "database_name":"HERE_EU17Q4",
        "size":1056604430028
    },
    {
        "data_time":"",
        "data_type":"",
        "region":"IND",
        "version":"17Q1",
        "database_name":"HERE_IND17Q1",
        "size":172477252100
    },
    {
        "data_time":"",
        "data_type":"",
        "region":"MEA",
        "version":"17Q1",
        "database_name":"HERE_MEA17Q1",
        "size":142941127172
    },
    {
        "data_time":"",
        "data_type":"",
        "region":"MEA",
        "version":"17Q2",
        "database_name":"HERE_MEA17Q2",
        "size":154083099140
    },
    {
        "data_time":"",
        "data_type":"",
        "region":"MEA",
        "version":"17Q3",
        "database_name":"HERE_MEA17Q3",
        "size":157046964740
    },
    {
        "data_time":"",
        "data_type":"",
        "region":"MEA",
        "version":"17Q4",
        "database_name":"HERE_MEA17Q4",
        "size":162547859972
    },
    {
        "data_time":"",
        "data_type":"",
        "region":"NA",
        "version":"16Q4",
        "database_name":"HERE_NA16Q4",
        "size":484758127108
    },
    {
        "data_time":"",
        "data_type":"",
        "region":"NA",
        "version":"17Q1",
        "database_name":"HERE_NA17Q1",
        "size":487568343556
    },
    {
        "data_time":"",
        "data_type":"",
        "region":"NA",
        "version":"17Q2",
        "database_name":"HERE_NA17Q2",
        "size":511974507012
    },
    {
        "data_time":"",
        "data_type":"",
        "region":"NA",
        "version":"17Q3",
        "database_name":"HERE_NA17Q3",
        "size":517628577976
    },
    {
        "data_time":"",
        "data_type":"",
        "region":"NA",
        "version":"17Q4",
        "database_name":"HERE_NA17Q4",
        "size":518528172548
    },
    {
        "data_time":"",
        "data_type":"",
        "region":"SA",
        "version":"17Q1",
        "database_name":"HERE_SA17Q1",
        "size":154559676932
    },
    {
        "data_time":"",
        "data_type":"",
        "region":"SA",
        "version":"17Q2",
        "database_name":"HERE_SA17Q2",
        "size":160992199172
    },
    {
        "data_time":"",
        "data_type":"",
        "region":"SA",
        "version":"17Q3",
        "database_name":"HERE_SA17Q3",
        "size":167256556036
    },
    {
        "data_time":"",
        "data_type":"",
        "region":"SA",
        "version":"17Q4",
        "database_name":"HERE_SA17Q4",
        "size":172289950212
    },
    {
        "data_time":"",
        "data_type":"",
        "region":"SEA",
        "version":"16Q2",
        "database_name":"HERE_SEA16Q2",
        "size":47850947076
    },
    {
        "data_time":"",
        "data_type":"",
        "region":"SEA",
        "version":"17Q1",
        "database_name":"HERE_SEA17Q1",
        "size":81962598916
    },
    {
        "data_time":"",
        "data_type":"",
        "region":"SEA",
        "version":"17Q2",
        "database_name":"HERE_SEA17Q2",
        "size":86378480132
    },
    {
        "data_time":"",
        "data_type":"",
        "region":"SEA",
        "version":"17Q3",
        "database_name":"HERE_SEA17Q3",
        "size":87737238020
    },
    {
        "data_time":"",
        "data_type":"",
        "region":"SEA",
        "version":"17Q4",
        "database_name":"HERE_SEA17Q4",
        "size":90780762628
    },
    {
        "data_time":"",
        "data_type":"",
        "region":"TWN",
        "version":"16Q4",
        "database_name":"HERE_TWN16Q4",
        "size":19254379012
    },
    {
        "data_time":"",
        "data_type":"",
        "region":"TWN",
        "version":"17Q2",
        "database_name":"HERE_TWN17Q2",
        "size":19885490692
    },
    {
        "data_time":"",
        "data_type":"",
        "region":"TWN",
        "version":"17Q3",
        "database_name":"HERE_TWN17Q3",
        "size":19920945668
    },
    {
        "data_time":"",
        "data_type":"",
        "region":"TWN",
        "version":"17Q4",
        "database_name":"HERE_TWN17Q4",
        "size":19546046980
    }
]