[
    {
        "data_time":"20170114204118",
        "data_type":"RC",
        "region":"ANZ",
        "version":"16Q4",
        "database_name":"UniDB_HERE_ANZ16Q4_1.0.0.470618-20170114204118-RC",
        "size":32581779972
    },
    {
        "data_time":"20170419012913",
        "data_type":"RC",
        "region":"ANZ",
        "version":"17Q1",
        "database_name":"UniDB_HERE_ANZ17Q1_1.0.0.489344-20170419012913-RC",
        "size":38180014264
    },
    {
        "data_time":"20170719183538",
        "data_type":"RC",
        "region":"ANZ",
        "version":"17Q2",
        "database_name":"UniDB_HERE_ANZ17Q2_1.0.0.500044-20170719183538-RC",
        "size":36612080132
    },
    {
        "data_time":"20171011030300",
        "data_type":"RC",
        "region":"ANZ",
        "version":"17Q3",
        "database_name":"UniDB_HERE_ANZ17Q3_1.0.0.515287-20171011030300-RC",
        "size":37090886148
    },
    {
        "data_time":"20180102184625",
        "data_type":"RC",
        "region":"ANZ",
        "version":"17Q4",
        "database_name":"UniDB_HERE_ANZ17Q4_1.0.0.524754-20180102184625-RC",
        "size":38336481464
    },
    {
        "data_time":"20171225011414",
        "data_type":"RC",
        "region":"ANZ",
        "version":"17Q4",
        "database_name":"UniDB_HERE_ANZ17Q4_1.0.0.524754-20171225011414-RC",
        "size":38341018116
    },
    {
        "data_time":"20160517161631",
        "data_type":"RC",
        "region":"EU",
        "version":"16Q1",
        "database_name":"UniDB_HERE_EU16Q1_1.0.0-gen3.432952-20160517161631-RC",
        "size":685803364044
    },
    {
        "data_time":"20161128223110",
        "data_type":"RC",
        "region":"EU",
        "version":"16Q2",
        "database_name":"UniDB_HERE_EU16Q2_1.0.0.467919-20161128223110-RC",
        "size":657650147020
    },
    {
        "data_time":"20161202184147",
        "data_type":"RC",
        "region":"EU",
        "version":"16Q3",
        "database_name":"UniDB_HERE_EU16Q3_1.0.0.467919-20161202184147-RC",
        "size":670735916748
    },
    {
        "data_time":"20170122192525",
        "data_type":"RC",
        "region":"EU",
        "version":"16Q4",
        "database_name":"UniDB_HERE_EU16Q4_1.0.0.470618-20170122192525-RC",
        "size":800595664588
    },
    {
        "data_time":"20170215074604",
        "data_type":"RC",
        "region":"EU",
        "version":"17Q1",
        "database_name":"UniDB_HERE_EU17Q1_1.0.0.477938-20170215074604-RC",
        "size":779304618168
    },
    {
        "data_time":"20170626184938",
        "data_type":"RC",
        "region":"EU",
        "version":"17Q2",
        "database_name":"UniDB_HERE_EU17Q2_1.0.0.496574-20170626184938-RC",
        "size":722090444984
    },
    {
        "data_time":"20170929193626",
        "data_type":"RC",
        "region":"EU",
        "version":"17Q3",
        "database_name":"UniDB_HERE_EU17Q3_1.0.0.513888-20170929193626-RC",
        "size":783894683340
    },
    {
        "data_time":"20171204223754",
        "data_type":"RC",
        "region":"EU",
        "version":"17Q4",
        "database_name":"UniDB_HERE_EU17Q4_1.0.0.522408-20171204223754-RC",
        "size":760482946764
    },
    {
        "data_time":"20161205230752",
        "data_type":"RC",
        "region":"MEA",
        "version":"16Q1",
        "database_name":"UniDB_HERE_MEA16Q1_1.0.0.467919-20161205230752-RC",
        "size":48862069252
    },
    {
        "data_time":"20170526192435",
        "data_type":"RC",
        "region":"MEA",
        "version":"17Q1",
        "database_name":"UniDB_HERE_MEA17Q1_1.0.0.495391-20170526192435-RC",
        "size":66575550648
    },
    {
        "data_time":"20170711223909",
        "data_type":"RC",
        "region":"MEA",
        "version":"17Q2",
        "database_name":"UniDB_HERE_MEA17Q2_1.0.0.496574-20170711223909-RC",
        "size":72715502084
    },
    {
        "data_time":"20171013002550",
        "data_type":"RC",
        "region":"MEA",
        "version":"17Q3",
        "database_name":"UniDB_HERE_MEA17Q3_1.0.0.515772-20171013002550-RC",
        "size":73512714756
    },
    {
        "data_time":"20171225050158",
        "data_type":"RC",
        "region":"MEA",
        "version":"17Q4",
        "database_name":"UniDB_HERE_MEA17Q4_1.0.0.524754-20171225050158-RC",
        "size":76487721476
    },
    {
        "data_time":"20160913171110",
        "data_type":"RC",
        "region":"NA",
        "version":"16Q2",
        "database_name":"UniDB_HERE_NA16Q2_1.0.0.455935-20160913171110-RC",
        "size":416761727160
    },
    {
        "data_time":"20170116213616",
        "data_type":"RC",
        "region":"NA",
        "version":"16Q4",
        "database_name":"UniDB_HERE_NA16Q4_1.0.0.470618-20170116213616-RC",
        "size":521517990404
    },
    {
        "data_time":"20170207020603",
        "data_type":"RC",
        "region":"NA",
        "version":"17Q1",
        "database_name":"UniDB_HERE_NA17Q1_1.0.0.477938-20170207020603-RC",
        "size":513255622840
    },
    {
        "data_time":"20170705223454",
        "data_type":"RC",
        "region":"NA",
        "version":"17Q2",
        "database_name":"UniDB_HERE_NA17Q2_1.0.0.496574-20170705223454-RC",
        "size":436119488696
    },
    {
        "data_time":"20170925184127",
        "data_type":"RC",
        "region":"NA",
        "version":"17Q3",
        "database_name":"UniDB_HERE_NA17Q3_1.0.0.512907-20170925184127-RC",
        "size":547259959480
    },
    {
        "data_time":"20171220000612",
        "data_type":"RC",
        "region":"NA",
        "version":"17Q4",
        "database_name":"UniDB_HERE_NA17Q4_1.0.0.524754-20171220000612-RC",
        "size":445239576760
    },
    {
        "data_time":"20170103214426",
        "data_type":"RC",
        "region":"SA",
        "version":"16Q2",
        "database_name":"UniDB_HERE_SA16Q2_1.0.0.470618-20170103214426-RC",
        "size":81616863748
    },
    {
        "data_time":"20170323191801",
        "data_type":"RC",
        "region":"SA",
        "version":"17Q1",
        "database_name":"UniDB_HERE_SA17Q1_1.0.0.484244-20170323191801-RC",
        "size":127232639492
    },
    {
        "data_time":"20170822193311",
        "data_type":"RC",
        "region":"SA",
        "version":"17Q1",
        "database_name":"UniDB_HERE_SA17Q1_1.0.0.508550-20170822193311-RC",
        "size":107309287608
    },
    {
        "data_time":"20170418022758",
        "data_type":"RC",
        "region":"SA",
        "version":"17Q1",
        "database_name":"UniDB_HERE_SA17Q1_PAN_1.0.0.488758-20170418022758-RC",
        "size":130286471352
    },
    {
        "data_time":"20170824014653",
        "data_type":"RC",
        "region":"SA",
        "version":"17Q2",
        "database_name":"UniDB_HERE_SA17Q2_1.0.0.508921-20170824014653-RC",
        "size":109277872644
    },
    {
        "data_time":"20171012023451",
        "data_type":"RC",
        "region":"SA",
        "version":"17Q3",
        "database_name":"UniDB_HERE_SA17Q3_1.0.0.515772-20171012023451-RC",
        "size":121860489732
    },
    {
        "data_time":"20171222061849",
        "data_type":"RC",
        "region":"SA",
        "version":"17Q4",
        "database_name":"UniDB_HERE_SA17Q4_1.0.0.524754-20171222061849-RC",
        "size":127417156100
    },
    {
        "data_time":"20170607181021",
        "data_type":"RC",
        "region":"SEA",
        "version":"17Q1",
        "database_name":"UniDB_HERE_SEA17Q1_1.0.0.496574-20170607181021-RC",
        "size":34859206840
    },
    {
        "data_time":"20170830002848",
        "data_type":"RC",
        "region":"SEA",
        "version":"17Q2",
        "database_name":"UniDB_HERE_SEA17Q2_1.0.0.509650-20170830002848-RC",
        "size":37275533828
    },
    {
        "data_time":"20170713230154",
        "data_type":"RC",
        "region":"SEA",
        "version":"17Q2",
        "database_name":"UniDB_HERE_SEA17Q2_1.0.0.496574-20170713230154-RC",
        "size":37185257988
    },
    {
        "data_time":"20170817230530",
        "data_type":"RC",
        "region":"SEA",
        "version":"17Q2",
        "database_name":"UniDB_HERE_SEA17Q2_1.0.0.508168-20170817230530-RC",
        "size":37257922744
    },
    {
        "data_time":"20171011031712",
        "data_type":"RC",
        "region":"SEA",
        "version":"17Q3",
        "database_name":"UniDB_HERE_SEA17Q3_1.0.0.515287-20171011031712-RC",
        "size":37752162488
    },
    {
        "data_time":"20171130041136",
        "data_type":"RC",
        "region":"SEA",
        "version":"17Q4",
        "database_name":"UniDB_HERE_SEA17Q4_1.0.0.522408-20171130041136-RC",
        "size":38442223800
    },
    {
        "data_time":"20170321041943",
        "data_type":"RC",
        "region":"TUR",
        "version":"16Q1",
        "database_name":"UniDB_HERE_EU16Q1_1.0.0-gen3.432952-20170321041943-RC-TURKEY",
        "size":26173932036
    },
    {
        "data_time":"20170211033734",
        "data_type":"RC",
        "region":"TUR",
        "version":"16Q2",
        "database_name":"UniDB_HERE_EU16Q2_1.0.0.470618-20170211033734-RC-TURKEY",
        "size":29562969804
    },
    {
        "data_time":"20170320214028",
        "data_type":"RC",
        "region":"TUR",
        "version":"16Q3",
        "database_name":"UniDB_HERE_EU16Q3_1.0.0.470618-20170320214028-RC-TURKEY",
        "size":29858382340
    },
    {
        "data_time":"20170322064358",
        "data_type":"RC",
        "region":"TUR",
        "version":"16Q4",
        "database_name":"UniDB_HERE_EU16Q4_1.0.0.470618-20170322064358-RC-TURKEY",
        "size":30378352332
    },
    {
        "data_time":"20170216072742",
        "data_type":"RC",
        "region":"TUR",
        "version":"17Q1",
        "database_name":"UniDB_HERE_EU17Q1_1.0.0.477938-20170216072742-RC-TURKEY",
        "size":31064770744
    },
    {
        "data_time":"20170715230341",
        "data_type":"RC",
        "region":"TUR",
        "version":"17Q2",
        "database_name":"UniDB_HERE_EU17Q2_1.0.0.496574-20170715230341-RC-TURKEY",
        "size":33166295556
    },
    {
        "data_time":"20171017025639",
        "data_type":"RC",
        "region":"TUR",
        "version":"17Q2",
        "database_name":"UniDB_HERE_EU17Q2_1.0.0.496574-20171017025639-RC-TURKEY",
        "size":33125386424
    },
    {
        "data_time":"20171005042224",
        "data_type":"RC",
        "region":"TUR",
        "version":"17Q3",
        "database_name":"UniDB_HERE_EU17Q3_1.0.0.513158-20171005042224-RC-TURKEY",
        "size":33625546444
    },
    {
        "data_time":"20171212190711",
        "data_type":"RC",
        "region":"TUR",
        "version":"17Q4",
        "database_name":"UniDB_HERE_EU17Q4_1.0.0.523239-20171212190711-RC-TURKEY",
        "size":35209699020
    },
    {
        "data_time":"20170203212129",
        "data_type":"RC",
        "region":"TWN",
        "version":"16Q4",
        "database_name":"UniDB_HERE_TWN16Q4_1.0.0.477710-20170203212129-RC",
        "size":11876205060
    },
    {
        "data_time":"20170723183459",
        "data_type":"RC",
        "region":"TWN",
        "version":"17Q2",
        "database_name":"UniDB_HERE_TWN17Q2_1.0.0.503667-20170723183459-RC",
        "size":13756924420
    },
    {
        "data_time":"20171012184113",
        "data_type":"RC",
        "region":"TWN",
        "version":"17Q3",
        "database_name":"UniDB_HERE_TWN17Q3_1.0.0.515772-20171012184113-RC",
        "size":13866059960
    },
    {
        "data_time":"20171220035701",
        "data_type":"RC",
        "region":"TWN",
        "version":"17Q4",
        "database_name":"UniDB_HERE_TWN17Q4_1.0.0.524243-20171220035701-RC",
        "size":13832225284
    }
]