[
    {
        "data_time":"",
        "data_type":"",
        "database_name":"NT_CN_15Q3",
        "version":"15Q3",
        "region":"CN",
        "size":187065026744
    },
    {
        "data_time":"",
        "data_type":"",
        "database_name":"NT_CN_16Q1",
        "version":"16Q1",
        "region":"CN",
        "size":198404786360
    },
    {
        "data_time":"",
        "data_type":"",
        "database_name":"NT_CN_17Q2",
        "version":"17Q2",
        "region":"CN",
        "size":272370288824
    },
    {
        "data_time":"",
        "data_type":"",
        "database_name":"NT_CN_17Q3",
        "version":"17Q3",
        "region":"CN",
        "size":288982616248
    },
    {
        "data_time":"",
        "data_type":"",
        "database_name":"NT_CN_15Q3_Level0",
        "version":"15Q3",
        "region":"CN_Level0",
        "size":144787640
    },
    {
        "data_time":"",
        "data_type":"",
        "database_name":"NT_CN_16Q1_Level0",
        "version":"16Q1",
        "region":"CN_Level0",
        "size":141052088
    },
    {
        "data_time":"",
        "data_type":"",
        "database_name":"NT_CN_17Q2_Level0",
        "version":"17Q2",
        "region":"CN_Level0",
        "size":141543608
    },
    {
        "data_time":"",
        "data_type":"",
        "database_name":"UniDB_NT_CN_15Q3_1.0.0-gen3.421243-20160411222319-RC",
        "version":"15Q3",
        "region":"CN",
        "size":137568045240
    },
    {
        "data_time":"",
        "data_type":"",
        "database_name":"UniDB_NT_CN_16Q1_1.0.0-gen3.444520-20160811100524-RC",
        "version":"16Q1",
        "region":"CN",
        "size":109131745464
    },
    {
        "data_time":"",
        "data_type":"",
        "database_name":"UniDB_NT_CN_17Q1_1.0.0.495483-20170527125225-RC",
        "version":"17Q1",
        "region":"CN",
        "size":140684347576
    },
    {
        "data_time":"",
        "data_type":"",
        "database_name":"UniDB_NT_CN_17Q2_1.0.0.505521-20170804134636-DEV",
        "version":"17Q2",
        "region":"CN",
        "size":142755023032
    },
    {
        "data_time":"",
        "data_type":"",
        "database_name":"UniDB_NT_CN_17Q2_1.0.0.512843-20170922205525-RC",
        "version":"17Q2",
        "region":"CN",
        "size":152630741176
    },
    {
        "data_time":"",
        "data_type":"",
        "database_name":"UniDB_NT_CN_17Q2_1.0.0.517136-20171018165616-RC",
        "version":"17Q2",
        "region":"CN",
        "size":145000450232
    },
    {
        "data_time":"",
        "data_type":"",
        "database_name":"UniDB_NT_CN_17Q2_1.0.0.510660-20170911090023-RC",
        "version":"17Q2",
        "region":"CN",
        "size":122844104888
    },
    {
        "data_time":"",
        "data_type":"",
        "database_name":"UniDB_NT_CN_17Q3_20171220-20180104110335-DEV",
        "version":"17Q3",
        "region":"CN",
        "size":145158359224
    },
    {
        "data_time":"",
        "data_type":"",
        "database_name":"UniDB_NT_CN_17Q3_1.0.0.525886-20180103175539-DEV",
        "version":"17Q3",
        "region":"CN",
        "size":145124608184
    },
    {
        "data_time":"",
        "data_type":"",
        "database_name":"UniDB_NT_CN_17Q3_20171220-20180110014035-DEV",
        "version":"17Q3",
        "region":"CN",
        "size":145085352120
    },
    {
        "data_time":"",
        "data_type":"",
        "database_name":"UniDB_NT_CN_17Q3_20171220-20180110192743-DEV",
        "version":"17Q3",
        "region":"CN",
        "size":5394647224
    },
    {
        "data_time":"",
        "data_type":"",
        "database_name":"UniDB_NT_CN_15Q3_Level0_1.0.0-gen3.421243-20160122135311-RC",
        "version":"15Q3",
        "region":"CN_Level0",
        "size":135547064
    },
    {
        "data_time":"",
        "data_type":"",
        "database_name":"UniDB_NT_CN_16Q1_Level0_1.0.0-gen3.444520-20160629103346-RC",
        "version":"16Q1",
        "region":"CN_Level0",
        "size":134465720
    },
    {
        "data_time":"",
        "data_type":"",
        "database_name":"UniDB_NT_CN_17Q2_Level0_1.0.0.526325-20180121223703-DEV",
        "version":"17Q2",
        "region":"CN_Level0",
        "size":135153848
    },
    {
        "data_time":"",
        "data_type":"",
        "database_name":"UniDB_NT_CN_17Q2_Level0_1.0.0.510660-20170911151446-RC",
        "version":"17Q2",
        "region":"CN_Level0",
        "size":152520888
    },
    {
        "data_time":"",
        "data_type":"",
        "database_name":"UniDB_NT_CN_17Q2_Level0_1.0.0.505521-20170807095154-DEV",
        "version":"17Q2",
        "region":"CN_Level0",
        "size":146884792
    },
    {
        "data_time":"",
        "data_type":"",
        "database_name":"UniDB_NT_CN_17Q2_Level0_1.0.0.512535-20170921101133-RC",
        "version":"17Q2",
        "region":"CN_Level0",
        "size":150587576
    },
    {
        "data_time":"",
        "data_type":"",
        "database_name":"UniDB_NT_CN_17Q2_Level0_1.0.0.511039-20170914145709-RC",
        "version":"17Q2",
        "region":"CN_Level0",
        "size":150456504
    }
]