[
    {
        "category":"rdfdb",
        "vendor":"HERE",
        "name":"HERE_KOR15Q4",
        "region":"KOR",
        "size_pretty":"40.57 GB",
        "version":"15Q4",
        "size":43559453188
    },
    {
        "category":"rdfdb",
        "vendor":"HERE",
        "name":"HERE_KOR16Q3",
        "region":"KOR",
        "size_pretty":"41.07 GB",
        "version":"16Q3",
        "size":44093784580
    },
    {
        "category":"rdfdb",
        "vendor":"HERE",
        "name":"HERE_KOR17Q1",
        "region":"KOR",
        "size_pretty":"43.06 GB",
        "version":"17Q1",
        "size":46231244564
    },
    {
        "category":"rdfdb",
        "vendor":"HERE",
        "name":"HERE_KOR17Q4",
        "region":"KOR",
        "size_pretty":"52.16 GB",
        "version":"17Q4",
        "size":56007266068
    }
]