[
    {
        "category":"unidb",
        "vendor":"HERE",
        "name":"UniDB_HERE_EU16Q1_1.0.0-gen3.432952-20160517161631-RC",
        "region":"EU",
        "size_pretty":"638.70 GB",
        "version":"16Q1",
        "create_time":"20160517161631",
        "release_type":"RC",
        "size":685803364044
    },
    {
        "category":"unidb",
        "vendor":"HERE",
        "name":"UniDB_HERE_EU16Q2_1.0.0.467919-20161128223110-RC",
        "region":"EU",
        "size_pretty":"612.48 GB",
        "version":"16Q2",
        "create_time":"20161128223110",
        "release_type":"RC",
        "size":657650147020
    },
    {
        "category":"unidb",
        "vendor":"HERE",
        "name":"UniDB_HERE_EU16Q3_1.0.0.467919-20161202184147-RC",
        "region":"EU",
        "size_pretty":"624.67 GB",
        "version":"16Q3",
        "create_time":"20161202184147",
        "release_type":"RC",
        "size":670735916748
    },
    {
        "category":"unidb",
        "vendor":"HERE",
        "name":"UniDB_HERE_EU16Q4_1.0.0.470618-20170122192525-RC",
        "region":"EU",
        "size_pretty":"745.61 GB",
        "version":"16Q4",
        "create_time":"20170122192525",
        "release_type":"RC",
        "size":800595664588
    },
    {
        "category":"unidb",
        "vendor":"HERE",
        "name":"UniDB_HERE_EU17Q3_1.0.0.513888-20170929193626-RC",
        "region":"EU",
        "size_pretty":"732.45 GB",
        "version":"17Q3",
        "create_time":"20170929193626",
        "release_type":"RC",
        "size":786463235788
    },
    {
        "category":"unidb",
        "vendor":"HERE",
        "name":"UniDB_HERE_EU17Q4_1.0.0.522408-20171204223754-RC",
        "region":"EU",
        "size_pretty":"708.25 GB",
        "version":"17Q4",
        "create_time":"20171204223754",
        "release_type":"RC",
        "size":760482946764
    },
    {
        "category":"unidb",
        "vendor":"HERE",
        "name":"UniDB_HERE_EU16Q1_1.0.0-gen3.432952-20170321041943-RC-TURKEY",
        "region":"TUR",
        "size_pretty":"24.38 GB",
        "version":"16Q1",
        "create_time":"20170321041943",
        "release_type":"RC",
        "size":26174054092
    },
    {
        "category":"unidb",
        "vendor":"HERE",
        "name":"UniDB_HERE_EU16Q2_1.0.0.470618-20170211033734-RC-TURKEY",
        "region":"TUR",
        "size_pretty":"27.53 GB",
        "version":"16Q2",
        "create_time":"20170211033734",
        "release_type":"RC",
        "size":29562969804
    },
    {
        "category":"unidb",
        "vendor":"HERE",
        "name":"UniDB_HERE_EU16Q3_1.0.0.470618-20170320214028-RC-TURKEY",
        "region":"TUR",
        "size_pretty":"27.81 GB",
        "version":"16Q3",
        "create_time":"20170320214028",
        "release_type":"RC",
        "size":29858382340
    },
    {
        "category":"unidb",
        "vendor":"HERE",
        "name":"UniDB_HERE_EU16Q4_1.0.0.470618-20170322064358-RC-TURKEY",
        "region":"TUR",
        "size_pretty":"28.29 GB",
        "version":"16Q4",
        "create_time":"20170322064358",
        "release_type":"RC",
        "size":30378352332
    },
    {
        "category":"unidb",
        "vendor":"HERE",
        "name":"UniDB_HERE_EU17Q3_1.0.0.513158-20171005042224-RC-TURKEY",
        "region":"TUR",
        "size_pretty":"31.32 GB",
        "version":"17Q3",
        "create_time":"20171005042224",
        "release_type":"RC",
        "size":33625546444
    },
    {
        "category":"unidb",
        "vendor":"HERE",
        "name":"UniDB_HERE_EU17Q4_1.0.0.523239-20171212190711-RC-TURKEY",
        "region":"TUR",
        "size_pretty":"32.79 GB",
        "version":"17Q4",
        "create_time":"20171212190711",
        "release_type":"RC",
        "size":35209699020
    }
]