[
    {
        "category":"raw_data",
        "vendor":"AUTONAVI",
        "name":"traffic_location",
        "region":"CN",
        "data_path":"/var/www/html/data/CN_AUTONAVI_14Q3/components/traffic_location",
        "size_pretty":"410.00 KB",
        "version":"14Q3",
        "size":419840
    },
    {
        "category":"raw_data",
        "vendor":"AUTONAVI",
        "name":"traffic_location",
        "region":"CN",
        "data_path":"/var/www/html/data/CN_AUTONAVI_15Q4/components/traffic_location",
        "size_pretty":"5.69 MB",
        "version":"15Q4",
        "size":5970110
    },
    {
        "category":"raw_data",
        "vendor":"NAV2",
        "name":"3D_landmark",
        "region":"CN",
        "data_path":"/var/www/html/data/CN_NT_11Q3/components/3dlandmark_vendor",
        "size_pretty":"354.78 MB",
        "version":"11Q3",
        "size":372017887
    },
    {
        "category":"raw_data",
        "vendor":"NAV2",
        "name":"speed_camera",
        "region":"CN",
        "data_path":"/var/www/html/data/CN_NT_11Q3/components/speed_camera",
        "size_pretty":"8.19 MB",
        "version":"11Q3",
        "size":8583845
    },
    {
        "category":"raw_data",
        "vendor":"NAV2",
        "name":"cn_add_content",
        "region":"CN",
        "data_path":"/var/www/html/data/CN_NT_11Q3/components/additional_content",
        "size_pretty":"217.77 MB",
        "version":"11Q3",
        "size":228348923
    },
    {
        "category":"raw_data",
        "vendor":"NAV2",
        "name":"3D_landmark",
        "region":"CN",
        "data_path":"/var/www/html/data/CN_NT_12Q3/components/3dlandmark_vendor",
        "size_pretty":"1.07 GB",
        "version":"12Q3",
        "size":1145617370
    },
    {
        "category":"raw_data",
        "vendor":"NAV2",
        "name":"3D_landmark",
        "region":"CN",
        "data_path":"/var/www/html/data/CN_NT_13Q1/components/3dlandmark_vendor",
        "size_pretty":"1.22 GB",
        "version":"13Q1",
        "size":1306676243
    },
    {
        "category":"raw_data",
        "vendor":"NAV2",
        "name":"speed_camera",
        "region":"CN",
        "data_path":"/var/www/html/data/CN_NT_13Q1/components/speed_camera",
        "size_pretty":"4.55 MB",
        "version":"13Q1",
        "size":4768491
    },
    {
        "category":"raw_data",
        "vendor":"NAV2",
        "name":"cn_add_content",
        "region":"CN",
        "data_path":"/var/www/html/data/CN_NT_13Q1/components/additional_content",
        "size_pretty":"3.85 MB",
        "version":"13Q1",
        "size":4037989
    },
    {
        "category":"raw_data",
        "vendor":"NAV2",
        "name":"3D_landmark",
        "region":"CN",
        "data_path":"/var/www/html/data/CN_NT_13Q2/components/3dlandmark_vendor",
        "size_pretty":"2.23 GB",
        "version":"13Q2",
        "size":2395777278
    },
    {
        "category":"raw_data",
        "vendor":"NAV2",
        "name":"speed_camera",
        "region":"CN",
        "data_path":"/var/www/html/data/CN_NT_13Q2/components/speed_camera",
        "size_pretty":"4.12 MB",
        "version":"13Q2",
        "size":4323221
    },
    {
        "category":"raw_data",
        "vendor":"NAV2",
        "name":"cn_add_content",
        "region":"CN",
        "data_path":"/var/www/html/data/CN_NT_13Q2/components/additional_content",
        "size_pretty":"4.19 MB",
        "version":"13Q2",
        "size":4393420
    },
    {
        "category":"raw_data",
        "vendor":"NAV2",
        "name":"rdf",
        "region":"CN_Level0",
        "data_path":"/var/www/html/data/CN_NT_14Q1_Level0/__rdf",
        "size_pretty":"9.96 MB",
        "version":"14Q1",
        "size":10443112
    },
    {
        "category":"raw_data",
        "vendor":"NAV2",
        "name":"components",
        "region":"CN_Level0",
        "data_path":"/var/www/html/data/CN_NT_14Q1_Level0/components",
        "size_pretty":"250.44 KB",
        "version":"14Q1",
        "size":256451
    },
    {
        "category":"raw_data",
        "vendor":"NAV2",
        "name":"3D_landmark",
        "region":"CN",
        "data_path":"/var/www/html/data/CN_NT_14Q3/components/3dlandmark_vendor",
        "size_pretty":"2.20 GB",
        "version":"14Q3",
        "size":2357173450
    },
    {
        "category":"raw_data",
        "vendor":"NAV2",
        "name":"speed_camera",
        "region":"CN",
        "data_path":"/var/www/html/data/CN_NT_14Q3/components/speed_camera",
        "size_pretty":"8.01 MB",
        "version":"14Q3",
        "size":8403048
    },
    {
        "category":"raw_data",
        "vendor":"NAV2",
        "name":"cn_add_content",
        "region":"CN",
        "data_path":"/var/www/html/data/CN_NT_14Q3/components/additional_content",
        "size_pretty":"6.08 MB",
        "version":"14Q3",
        "size":6379370
    },
    {
        "category":"raw_data",
        "vendor":"NAV2",
        "name":"3D_landmark",
        "region":"CN",
        "data_path":"/var/www/html/data/CN_NT_15Q1/components/3dlandmark_vendor",
        "size_pretty":"2.33 GB",
        "version":"15Q1",
        "size":2498794826
    },
    {
        "category":"raw_data",
        "vendor":"NAV2",
        "name":"speed_camera",
        "region":"CN",
        "data_path":"/var/www/html/data/CN_NT_15Q1/components/speed_camera",
        "size_pretty":"454.82 MB",
        "version":"15Q1",
        "size":476918361
    },
    {
        "category":"raw_data",
        "vendor":"NAV2",
        "name":"rdf",
        "region":"CN",
        "data_path":"/var/www/html/data/CN_NT_15Q1/__rdf",
        "size_pretty":"9.78 GB",
        "version":"15Q1",
        "size":10496020480
    },
    {
        "category":"raw_data",
        "vendor":"NAV2",
        "name":"level2_sensitive",
        "region":"CN",
        "data_path":"/var/www/html/data/CN_NT_15Q1/components/level2_sensitive",
        "size_pretty":"58.97 KB",
        "version":"15Q1",
        "size":60382
    },
    {
        "category":"raw_data",
        "vendor":"NAV2",
        "name":"cn_add_content",
        "region":"CN",
        "data_path":"/var/www/html/data/CN_NT_15Q1/components/additional_content",
        "size_pretty":"6.68 MB",
        "version":"15Q1",
        "size":7001014
    },
    {
        "category":"raw_data",
        "vendor":"NAV2",
        "name":"rdf",
        "region":"CN_Level0",
        "data_path":"/var/www/html/data/CN_NT_15Q1_Level0/__rdf",
        "size_pretty":"13.34 MB",
        "version":"15Q1",
        "size":13987840
    },
    {
        "category":"raw_data",
        "vendor":"NAV2",
        "name":"components",
        "region":"CN_Level0",
        "data_path":"/var/www/html/data/CN_NT_15Q1_Level0/components",
        "size_pretty":"237.28 KB",
        "version":"15Q1",
        "size":242974
    },
    {
        "category":"raw_data",
        "vendor":"NAV2",
        "name":"3D_landmark",
        "region":"CN",
        "data_path":"/var/www/html/data/CN_NT_15Q3/components/3dlandmark_vendor",
        "size_pretty":"2.80 GB",
        "version":"15Q3",
        "size":3002391761
    },
    {
        "category":"raw_data",
        "vendor":"NAV2",
        "name":"speed_camera",
        "region":"CN",
        "data_path":"/var/www/html/data/CN_NT_15Q3/components/speed_camera",
        "size_pretty":"831.19 MB",
        "version":"15Q3",
        "size":871568094
    },
    {
        "category":"raw_data",
        "vendor":"NAV2",
        "name":"level2_sensitive",
        "region":"CN",
        "data_path":"/var/www/html/data/CN_NT_15Q3/components/level2_sensitive",
        "size_pretty":"202.93 KB",
        "version":"15Q3",
        "size":207796
    },
    {
        "category":"raw_data",
        "vendor":"NAV2",
        "name":"junction_view",
        "region":"CN",
        "data_path":"/var/www/html/data/CN_NT_15Q3/components/junction_view",
        "size_pretty":"3.10 GB",
        "version":"15Q3",
        "size":3327048285
    },
    {
        "category":"raw_data",
        "vendor":"NAV2",
        "name":"speed_pattern",
        "region":"CN",
        "data_path":"/var/www/html/data/CN_NT_15Q3/components/speed_pattern",
        "size_pretty":"97.18 MB",
        "version":"15Q3",
        "size":101903440
    },
    {
        "category":"raw_data",
        "vendor":"NAV2",
        "name":"traffic_location",
        "region":"CN",
        "data_path":"/var/www/html/data/CN_NT_15Q3/components/traffic_location",
        "size_pretty":"64.09 MB",
        "version":"15Q3",
        "size":67202460
    },
    {
        "category":"raw_data",
        "vendor":"NAV2",
        "name":"cn_add_content",
        "region":"CN",
        "data_path":"/var/www/html/data/CN_NT_15Q3/components/additional_content",
        "size_pretty":"8.15 MB",
        "version":"15Q3",
        "size":8542387
    },
    {
        "category":"raw_data",
        "vendor":"NAV2",
        "name":"3D_landmark",
        "region":"CN",
        "data_path":"/var/www/html/data/CN_NT_15Q3_GEN2/components/3dlandmark_vendor",
        "size_pretty":"2.51 GB",
        "version":"15Q3",
        "size":2697032124
    },
    {
        "category":"raw_data",
        "vendor":"NAV2",
        "name":"speed_camera",
        "region":"CN",
        "data_path":"/var/www/html/data/CN_NT_15Q3_GEN2/components/speed_camera",
        "size_pretty":"503.61 MB",
        "version":"15Q3",
        "size":528072492
    },
    {
        "category":"raw_data",
        "vendor":"NAV2",
        "name":"rdf",
        "region":"CN",
        "data_path":"/var/www/html/data/CN_NT_15Q3_GEN2/__rdf",
        "size_pretty":"10.76 GB",
        "version":"15Q3",
        "size":11550490112
    },
    {
        "category":"raw_data",
        "vendor":"NAV2",
        "name":"level2_sensitive",
        "region":"CN",
        "data_path":"/var/www/html/data/CN_NT_15Q3_GEN2/components/level2_sensitive",
        "size_pretty":"57.95 KB",
        "version":"15Q3",
        "size":59343
    },
    {
        "category":"raw_data",
        "vendor":"NAV2",
        "name":"cn_add_content",
        "region":"CN",
        "data_path":"/var/www/html/data/CN_NT_15Q3_GEN2/components/additional_content",
        "size_pretty":"7.48 MB",
        "version":"15Q3",
        "size":7846726
    },
    {
        "category":"raw_data",
        "vendor":"NAV2",
        "name":"rdf",
        "region":"CN_Level0",
        "data_path":"/var/www/html/data/CN_NT_15Q3_Level0/__rdf",
        "size_pretty":"13.36 MB",
        "version":"15Q3",
        "size":14011392
    },
    {
        "category":"raw_data",
        "vendor":"NAV2",
        "name":"components",
        "region":"CN_Level0",
        "data_path":"/var/www/html/data/CN_NT_15Q3_Level0/components",
        "size_pretty":"98.79 KB",
        "version":"15Q3",
        "size":101164
    },
    {
        "category":"raw_data",
        "vendor":"NAV2",
        "name":"3D_landmark",
        "region":"CN",
        "data_path":"/var/www/html/data/CN_NT_16Q1/components/3dlandmark_vendor",
        "size_pretty":"2.80 GB",
        "version":"16Q1",
        "size":3002391761
    },
    {
        "category":"raw_data",
        "vendor":"NAV2",
        "name":"speed_camera",
        "region":"CN",
        "data_path":"/var/www/html/data/CN_NT_16Q1/components/speed_camera",
        "size_pretty":"831.19 MB",
        "version":"16Q1",
        "size":871568094
    },
    {
        "category":"raw_data",
        "vendor":"NAV2",
        "name":"rdf",
        "region":"CN",
        "data_path":"/var/www/html/data/CN_NT_16Q1/__rdf",
        "size_pretty":"11.76 GB",
        "version":"16Q1",
        "size":12625786880
    },
    {
        "category":"raw_data",
        "vendor":"NAV2",
        "name":"level2_sensitive",
        "region":"CN",
        "data_path":"/var/www/html/data/CN_NT_16Q1/components/level2_sensitive",
        "size_pretty":"202.93 KB",
        "version":"16Q1",
        "size":207796
    },
    {
        "category":"raw_data",
        "vendor":"NAV2",
        "name":"junction_view",
        "region":"CN",
        "data_path":"/var/www/html/data/CN_NT_16Q1/components/junction_view",
        "size_pretty":"3.10 GB",
        "version":"16Q1",
        "size":3327048285
    },
    {
        "category":"raw_data",
        "vendor":"NAV2",
        "name":"speed_pattern",
        "region":"CN",
        "data_path":"/var/www/html/data/CN_NT_16Q1/components/speed_pattern",
        "size_pretty":"97.18 MB",
        "version":"16Q1",
        "size":101903440
    },
    {
        "category":"raw_data",
        "vendor":"NAV2",
        "name":"traffic_location",
        "region":"CN",
        "data_path":"/var/www/html/data/CN_NT_16Q1/components/traffic_location",
        "size_pretty":"64.09 MB",
        "version":"16Q1",
        "size":67202460
    },
    {
        "category":"raw_data",
        "vendor":"NAV2",
        "name":"cn_add_content",
        "region":"CN",
        "data_path":"/var/www/html/data/CN_NT_16Q1/components/additional_content",
        "size_pretty":"8.15 MB",
        "version":"16Q1",
        "size":8542387
    },
    {
        "category":"raw_data",
        "vendor":"NAV2",
        "name":"rdf",
        "region":"CN_Level0",
        "data_path":"/var/www/html/data/CN_NT_16Q1_Level0/__rdf",
        "size_pretty":"13.45 MB",
        "version":"16Q1",
        "size":14100480
    },
    {
        "category":"raw_data",
        "vendor":"NAV2",
        "name":"components",
        "region":"CN_Level0",
        "data_path":"/var/www/html/data/CN_NT_16Q1_Level0/components",
        "size_pretty":"98.76 KB",
        "version":"16Q1",
        "size":101132
    },
    {
        "category":"raw_data",
        "vendor":"NAV2",
        "name":"3D_landmark",
        "region":"CN",
        "data_path":"/var/www/html/data/CN_NT_16Q1_V1/components/3dlandmark_vendor",
        "size_pretty":"2.80 GB",
        "version":"16Q1",
        "size":3002391761
    },
    {
        "category":"raw_data",
        "vendor":"NAV2",
        "name":"speed_camera",
        "region":"CN",
        "data_path":"/var/www/html/data/CN_NT_16Q1_V1/components/speed_camera",
        "size_pretty":"883.02 MB",
        "version":"16Q1",
        "size":925908527
    },
    {
        "category":"raw_data",
        "vendor":"NAV2",
        "name":"rdf",
        "region":"CN",
        "data_path":"/var/www/html/data/CN_NT_16Q1_V1/__rdf",
        "size_pretty":"11.93 GB",
        "version":"16Q1",
        "size":12807680000
    },
    {
        "category":"raw_data",
        "vendor":"NAV2",
        "name":"level2_sensitive",
        "region":"CN",
        "data_path":"/var/www/html/data/CN_NT_16Q1_V1/components/level2_sensitive",
        "size_pretty":"59.14 KB",
        "version":"16Q1",
        "size":60564
    },
    {
        "category":"raw_data",
        "vendor":"NAV2",
        "name":"cn_add_content",
        "region":"CN",
        "data_path":"/var/www/html/data/CN_NT_16Q1_V1/components/additional_content",
        "size_pretty":"8.15 MB",
        "version":"16Q1",
        "size":8542387
    },
    {
        "category":"raw_data",
        "vendor":"NAV2",
        "name":"3D_landmark",
        "region":"CN",
        "data_path":"/var/www/html/data/CN_NT_16Q3/components/3dlandmark_vendor",
        "size_pretty":"2.51 GB",
        "version":"16Q3",
        "size":2697032124
    },
    {
        "category":"raw_data",
        "vendor":"NAV2",
        "name":"speed_camera",
        "region":"CN",
        "data_path":"/var/www/html/data/CN_NT_16Q3/components/speed_camera",
        "size_pretty":"503.61 MB",
        "version":"16Q3",
        "size":528072492
    },
    {
        "category":"raw_data",
        "vendor":"NAV2",
        "name":"level2_sensitive",
        "region":"CN",
        "data_path":"/var/www/html/data/CN_NT_16Q3/components/level2_sensitive",
        "size_pretty":"201.62 KB",
        "version":"16Q3",
        "size":206464
    },
    {
        "category":"raw_data",
        "vendor":"NAV2",
        "name":"cn_add_content",
        "region":"CN",
        "data_path":"/var/www/html/data/CN_NT_16Q3/components/additional_content",
        "size_pretty":"7.48 MB",
        "version":"16Q3",
        "size":7846726
    },
    {
        "category":"raw_data",
        "vendor":"NAV2",
        "name":"3D_landmark",
        "region":"CN",
        "data_path":"/var/www/html/data/CN_NT_17Q1/components/3dlandmark_vendor",
        "size_pretty":"3.04 GB",
        "version":"17Q1",
        "size":3268878652
    },
    {
        "category":"raw_data",
        "vendor":"NAV2",
        "name":"speed_camera",
        "region":"CN",
        "data_path":"/var/www/html/data/CN_NT_17Q1/components/speed_camera",
        "size_pretty":"1.12 GB",
        "version":"17Q1",
        "size":1206877132
    },
    {
        "category":"raw_data",
        "vendor":"NAV2",
        "name":"rdf",
        "region":"CN",
        "data_path":"/var/www/html/data/CN_NT_17Q1/__rdf",
        "size_pretty":"16.70 GB",
        "version":"17Q1",
        "size":17932974080
    },
    {
        "category":"raw_data",
        "vendor":"NAV2",
        "name":"level2_sensitive",
        "region":"CN",
        "data_path":"/var/www/html/data/CN_NT_17Q1/components/level2_sensitive",
        "size_pretty":"201.71 KB",
        "version":"17Q1",
        "size":206554
    },
    {
        "category":"raw_data",
        "vendor":"NAV2",
        "name":"junction_view",
        "region":"CN",
        "data_path":"/var/www/html/data/CN_NT_17Q1/components/junction_view",
        "size_pretty":"3.67 GB",
        "version":"17Q1",
        "size":3939388798
    },
    {
        "category":"raw_data",
        "vendor":"NAV2",
        "name":"speed_pattern",
        "region":"CN",
        "data_path":"/var/www/html/data/CN_NT_17Q1/components/speed_pattern",
        "size_pretty":"603.81 MB",
        "version":"17Q1",
        "size":633135534
    },
    {
        "category":"raw_data",
        "vendor":"NAV2",
        "name":"traffic_location",
        "region":"CN",
        "data_path":"/var/www/html/data/CN_NT_17Q1/components/traffic_location",
        "size_pretty":"71.07 MB",
        "version":"17Q1",
        "size":74522963
    },
    {
        "category":"raw_data",
        "vendor":"NAV2",
        "name":"cn_add_content",
        "region":"CN",
        "data_path":"/var/www/html/data/CN_NT_17Q1/components/additional_content",
        "size_pretty":"9.56 MB",
        "version":"17Q1",
        "size":10028453
    },
    {
        "category":"raw_data",
        "vendor":"NAV2",
        "name":"rdf",
        "region":"CN_Level0",
        "data_path":"/var/www/html/data/CN_NT_17Q1_Level0/__rdf",
        "size_pretty":"13.19 MB",
        "version":"17Q1",
        "size":13834240
    },
    {
        "category":"raw_data",
        "vendor":"NAV2",
        "name":"components",
        "region":"CN_Level0",
        "data_path":"/var/www/html/data/CN_NT_17Q1_Level0/components",
        "size_pretty":"99.51 KB",
        "version":"17Q1",
        "size":101895
    },
    {
        "category":"raw_data",
        "vendor":"NAV2",
        "name":"3D_landmark",
        "region":"CN",
        "data_path":"/var/www/html/data/CN_NT_17Q2/components/3dlandmark_vendor",
        "size_pretty":"2.07 GB",
        "version":"17Q2",
        "size":2218682630
    },
    {
        "category":"raw_data",
        "vendor":"NAV2",
        "name":"speed_camera",
        "region":"CN",
        "data_path":"/var/www/html/data/CN_NT_17Q2/components/speed_camera",
        "size_pretty":"1.18 GB",
        "version":"17Q2",
        "size":1266462352
    },
    {
        "category":"raw_data",
        "vendor":"NAV2",
        "name":"rdf",
        "region":"CN",
        "data_path":"/var/www/html/data/CN_NT_17Q2/__rdf",
        "size_pretty":"16.96 GB",
        "version":"17Q2",
        "size":18205348098
    },
    {
        "category":"raw_data",
        "vendor":"NAV2",
        "name":"level2_sensitive",
        "region":"CN",
        "data_path":"/var/www/html/data/CN_NT_17Q2/components/level2_sensitive",
        "size_pretty":"143.47 KB",
        "version":"17Q2",
        "size":146912
    },
    {
        "category":"raw_data",
        "vendor":"NAV2",
        "name":"junction_view",
        "region":"CN",
        "data_path":"/var/www/html/data/CN_NT_17Q2/components/junction_view",
        "size_pretty":"7.77 GB",
        "version":"17Q2",
        "size":8347463300
    },
    {
        "category":"raw_data",
        "vendor":"NAV2",
        "name":"speed_pattern",
        "region":"CN",
        "data_path":"/var/www/html/data/CN_NT_17Q2/components/speed_pattern",
        "size_pretty":"600.33 MB",
        "version":"17Q2",
        "size":629493541
    },
    {
        "category":"raw_data",
        "vendor":"NAV2",
        "name":"traffic_location",
        "region":"CN",
        "data_path":"/var/www/html/data/CN_NT_17Q2/components/traffic_location",
        "size_pretty":"71.07 MB",
        "version":"17Q2",
        "size":74522963
    },
    {
        "category":"raw_data",
        "vendor":"NAV2",
        "name":"cn_add_content",
        "region":"CN",
        "data_path":"/var/www/html/data/CN_NT_17Q2/components/additional_content",
        "size_pretty":"10.03 MB",
        "version":"17Q2",
        "size":10519004
    },
    {
        "category":"raw_data",
        "vendor":"NAV2",
        "name":"rdf",
        "region":"CN_Level0",
        "data_path":"/var/www/html/data/CN_NT_17Q2_Level0/__rdf",
        "size_pretty":"13.24 MB",
        "version":"17Q2",
        "size":13885440
    },
    {
        "category":"raw_data",
        "vendor":"NAV2",
        "name":"components",
        "region":"CN_Level0",
        "data_path":"/var/www/html/data/CN_NT_17Q2_Level0/components",
        "size_pretty":"99.55 KB",
        "version":"17Q2",
        "size":101935
    },
    {
        "category":"raw_data",
        "vendor":"NAV2",
        "name":"3D_landmark",
        "region":"CN",
        "data_path":"/var/www/html/data/CN_NT_17Q3/components/3dlandmark_vendor",
        "size_pretty":"2.07 GB",
        "version":"17Q3",
        "size":2218682630
    },
    {
        "category":"raw_data",
        "vendor":"NAV2",
        "name":"speed_camera",
        "region":"CN",
        "data_path":"/var/www/html/data/CN_NT_17Q3/components/speed_camera",
        "size_pretty":"1.18 GB",
        "version":"17Q3",
        "size":1266462352
    },
    {
        "category":"raw_data",
        "vendor":"NAV2",
        "name":"rdf",
        "region":"CN",
        "data_path":"/var/www/html/data/CN_NT_17Q3/__rdf",
        "size_pretty":"18.05 GB",
        "version":"17Q3",
        "size":19377121280
    },
    {
        "category":"raw_data",
        "vendor":"NAV2",
        "name":"level2_sensitive",
        "region":"CN",
        "data_path":"/var/www/html/data/CN_NT_17Q3/components/level2_sensitive",
        "size_pretty":"143.47 KB",
        "version":"17Q3",
        "size":146912
    },
    {
        "category":"raw_data",
        "vendor":"NAV2",
        "name":"junction_view",
        "region":"CN",
        "data_path":"/var/www/html/data/CN_NT_17Q3/components/junction_view",
        "size_pretty":"0.0 Byte",
        "version":"17Q3",
        "size":0
    },
    {
        "category":"raw_data",
        "vendor":"NAV2",
        "name":"speed_pattern",
        "region":"CN",
        "data_path":"/var/www/html/data/CN_NT_17Q3/components/speed_pattern",
        "size_pretty":"600.33 MB",
        "version":"17Q3",
        "size":629493541
    },
    {
        "category":"raw_data",
        "vendor":"NAV2",
        "name":"traffic_location",
        "region":"CN",
        "data_path":"/var/www/html/data/CN_NT_17Q3/components/traffic_location",
        "size_pretty":"17.31 MB",
        "version":"17Q3",
        "size":18149654
    },
    {
        "category":"raw_data",
        "vendor":"NAV2",
        "name":"cn_add_content",
        "region":"CN",
        "data_path":"/var/www/html/data/CN_NT_17Q3/components/additional_content",
        "size_pretty":"10.03 MB",
        "version":"17Q3",
        "size":10519004
    },
    {
        "category":"raw_data",
        "vendor":"NAV2",
        "name":"rdf",
        "region":"CN_Level0",
        "data_path":"/var/www/html/data/CN_NT_17Q3_Level0/__rdf",
        "size_pretty":"13.28 MB",
        "version":"17Q3",
        "size":13926862
    },
    {
        "category":"raw_data",
        "vendor":"NAV2",
        "name":"components",
        "region":"CN_Level0",
        "data_path":"/var/www/html/data/CN_NT_17Q3_Level0/components",
        "size_pretty":"99.55 KB",
        "version":"17Q3",
        "size":101935
    },
    {
        "category":"raw_data",
        "vendor":"NAV2",
        "name":"3D_landmark",
        "region":"CN",
        "data_path":"/var/www/html/data/CN_NT_17Q4/components/3dlandmark_vendor",
        "size_pretty":"2.51 GB",
        "version":"17Q4",
        "size":2697032124
    },
    {
        "category":"raw_data",
        "vendor":"NAV2",
        "name":"speed_camera",
        "region":"CN",
        "data_path":"/var/www/html/data/CN_NT_17Q4/components/speed_camera",
        "size_pretty":"0.0 Byte",
        "version":"17Q4",
        "size":0
    }
]