[
    {
        "category":"build_data",
        "vendor":"HERE",
        "name":"DENALI_PBF-KOR_HERE_17Q1-AdaptorG2_UniDB_1.0.0.489121-20170417230654-DEV",
        "data_type":"PBF",
        "region":"KOR",
        "data_path":"/var/www/html/ec_latest_builds/DENALI_PBF/KOR_HERE_17Q1/DENALI_PBF-KOR_HERE_17Q1-AdaptorG2_UniDB_1.0.0.489121-20170417230654-DEV",
        "project":"DENALI",
        "size_pretty":"5.25 GB",
        "version":"17Q1",
        "create_time":"20170417230654",
        "build_type":"DENALI_PBF",
        "release_type":"DEV",
        "size":5639800174
    },
    {
        "category":"build_data",
        "vendor":"HERE",
        "name":"DENALI_PBF-KOR_HERE_17Q1-AdaptorG2_UniDB_1.0.0.490639-20170426160550-RC",
        "data_type":"PBF",
        "region":"KOR",
        "data_path":"/var/www/html/ec_latest_builds/DENALI_PBF/KOR_HERE_17Q1/DENALI_PBF-KOR_HERE_17Q1-AdaptorG2_UniDB_1.0.0.490639-20170426160550-RC",
        "project":"DENALI",
        "size_pretty":"5.24 GB",
        "version":"17Q1",
        "create_time":"20170426160550",
        "build_type":"DENALI_PBF",
        "release_type":"RC",
        "size":5630698025
    },
    {
        "category":"build_data",
        "vendor":"HERE",
        "name":"DENALI_PBF-KOR_HERE_17Q1-AdaptorG2_UniDB_1.0.0.492798-20170510103505-DEV",
        "data_type":"PBF",
        "region":"KOR",
        "data_path":"/var/www/html/ec_latest_builds/DENALI_PBF/KOR_HERE_17Q1/DENALI_PBF-KOR_HERE_17Q1-AdaptorG2_UniDB_1.0.0.492798-20170510103505-DEV",
        "project":"DENALI",
        "size_pretty":"5.24 GB",
        "version":"17Q1",
        "create_time":"20170510103505",
        "build_type":"DENALI_PBF",
        "release_type":"DEV",
        "size":5630718610
    },
    {
        "category":"build_data",
        "vendor":"HERE",
        "name":"DENALI_PBF-KOR_HERE_17Q1-AdaptorG2_UniDB_1.0.0.495483-20170527145129-DEV",
        "data_type":"PBF",
        "region":"KOR",
        "data_path":"/var/www/html/ec_latest_builds/DENALI_PBF/KOR_HERE_17Q1/DENALI_PBF-KOR_HERE_17Q1-AdaptorG2_UniDB_1.0.0.495483-20170527145129-DEV",
        "project":"DENALI",
        "size_pretty":"5.25 GB",
        "version":"17Q1",
        "create_time":"20170527145129",
        "build_type":"DENALI_PBF",
        "release_type":"DEV",
        "size":5633136112
    },
    {
        "category":"build_data",
        "vendor":"HERE",
        "name":"DENALI_PBF-KOR_HERE_17Q1-AdaptorG2_UniDB_1.0.0.496574-20170606173912-RC",
        "data_type":"PBF",
        "region":"KOR",
        "data_path":"/var/www/html/ec_latest_builds/DENALI_PBF/KOR_HERE_17Q1/DENALI_PBF-KOR_HERE_17Q1-AdaptorG2_UniDB_1.0.0.496574-20170606173912-RC",
        "project":"DENALI",
        "size_pretty":"5.24 GB",
        "version":"17Q1",
        "create_time":"20170606173912",
        "build_type":"DENALI_PBF",
        "release_type":"RC",
        "size":5630723479
    },
    {
        "category":"build_data",
        "vendor":"HERE",
        "name":"DENALI_PBF-KOR_HERE_17Q1-AdaptorG2_UniDB_1.0.0.504930-20170731150444-RC",
        "data_type":"PBF",
        "region":"KOR",
        "data_path":"/var/www/html/ec_latest_builds/DENALI_PBF/KOR_HERE_17Q1/DENALI_PBF-KOR_HERE_17Q1-AdaptorG2_UniDB_1.0.0.504930-20170731150444-RC",
        "project":"DENALI",
        "size_pretty":"5.24 GB",
        "version":"17Q1",
        "create_time":"20170731150444",
        "build_type":"DENALI_PBF",
        "release_type":"RC",
        "size":5631714477
    },
    {
        "category":"build_data",
        "vendor":"HERE",
        "name":"DENALI_PBF-KOR_HERE_17Q1-AdaptorG2_UniDB_1.0.0.521545-20171120192500-RC",
        "data_type":"PBF",
        "region":"KOR",
        "data_path":"/var/www/html/ec_latest_builds/DENALI_PBF/KOR_HERE_17Q1/DENALI_PBF-KOR_HERE_17Q1-AdaptorG2_UniDB_1.0.0.521545-20171120192500-RC",
        "project":"DENALI",
        "size_pretty":"5.23 GB",
        "version":"17Q1",
        "create_time":"20171120192500",
        "build_type":"DENALI_PBF",
        "release_type":"RC",
        "size":5615438850
    },
    {
        "category":"build_data",
        "vendor":"HERE",
        "name":"DENALI_PBF-KOR_HERE_17Q1-AdaptorG2_UniDB_1.0.0.521907-20171121142839-DEV",
        "data_type":"PBF",
        "region":"KOR",
        "data_path":"/var/www/html/ec_latest_builds/DENALI_PBF/KOR_HERE_17Q1/DENALI_PBF-KOR_HERE_17Q1-AdaptorG2_UniDB_1.0.0.521907-20171121142839-DEV",
        "project":"DENALI",
        "size_pretty":"5.24 GB",
        "version":"17Q1",
        "create_time":"20171121142839",
        "build_type":"DENALI_PBF",
        "release_type":"DEV",
        "size":5628413599
    },
    {
        "category":"build_data",
        "vendor":"HERE",
        "name":"DENALI_PBF-KOR_HERE_17Q1-AdaptorG2_UniDB_1.0.0.525714-20171228182248-DEV",
        "data_type":"PBF",
        "region":"KOR",
        "data_path":"/var/www/html/ec_latest_builds/DENALI_PBF/KOR_HERE_17Q1/DENALI_PBF-KOR_HERE_17Q1-AdaptorG2_UniDB_1.0.0.525714-20171228182248-DEV",
        "project":"DENALI",
        "size_pretty":"5.24 GB",
        "version":"17Q1",
        "create_time":"20171228182248",
        "build_type":"DENALI_PBF",
        "release_type":"DEV",
        "size":5627129662
    },
    {
        "category":"build_data",
        "vendor":"HERE",
        "name":"DENALI_PBF-KOR_HERE_17Q1-AdaptorG2_UniDB_1.0.0.525886-20180102160659-DEV",
        "data_type":"PBF",
        "region":"KOR",
        "data_path":"/var/www/html/ec_latest_builds/DENALI_PBF/KOR_HERE_17Q1/DENALI_PBF-KOR_HERE_17Q1-AdaptorG2_UniDB_1.0.0.525886-20180102160659-DEV",
        "project":"DENALI",
        "size_pretty":"5.24 GB",
        "version":"17Q1",
        "create_time":"20180102160659",
        "build_type":"DENALI_PBF",
        "release_type":"DEV",
        "size":5627125857
    },
    {
        "category":"build_data",
        "vendor":"HERE",
        "name":"DENALI_PBF-KOR_HERE_17Q4-AdaptorG2_UniDB_1.0.0.523239-20171215193725-DEV",
        "data_type":"PBF",
        "region":"KOR",
        "data_path":"/var/www/html/ec_latest_builds/DENALI_PBF/KOR_HERE_17Q4/DENALI_PBF-KOR_HERE_17Q4-AdaptorG2_UniDB_1.0.0.523239-20171215193725-DEV",
        "project":"DENALI",
        "size_pretty":"6.33 GB",
        "version":"17Q4",
        "create_time":"20171215193725",
        "build_type":"DENALI_PBF",
        "release_type":"DEV",
        "size":6794575706
    },
    {
        "category":"build_data",
        "vendor":"HERE",
        "name":"DENALI_PBF-KOR_HERE_17Q4-AdaptorG2_UniDB_1.0.0.526325-20180109121111-RC",
        "data_type":"PBF",
        "region":"KOR",
        "data_path":"/var/www/html/ec_latest_builds/DENALI_PBF/KOR_HERE_17Q4/DENALI_PBF-KOR_HERE_17Q4-AdaptorG2_UniDB_1.0.0.526325-20180109121111-RC",
        "project":"DENALI",
        "size_pretty":"8.05 GB",
        "version":"17Q4",
        "create_time":"20180109121111",
        "build_type":"DENALI_PBF",
        "release_type":"RC",
        "size":8647430927
    },
    {
        "category":"build_data",
        "vendor":"NAV2",
        "name":"DENALI_PBF-SKOR_NT_15Q4-AdaptorG2_UniDB_1.0.0.423854.test-20160301022850-DEV",
        "data_type":"PBF",
        "region":"SKOR",
        "data_path":"/var/www/html/ec_latest_builds/DENALI_PBF/SKOR_NT_15Q4/DENALI_PBF-SKOR_NT_15Q4-AdaptorG2_UniDB_1.0.0.423854.test-20160301022850-DEV",
        "project":"DENALI",
        "size_pretty":"1.34 GB",
        "version":"15Q4",
        "create_time":"20160301022850",
        "build_type":"DENALI_PBF",
        "release_type":"DEV",
        "size":1439419326
    },
    {
        "category":"build_data",
        "vendor":"NAV2",
        "name":"DENALI_PBF-SKOR_NT_15Q4-AdaptorG2_UniDB_1.0.0.423854.test-20160301104655-DEV",
        "data_type":"PBF",
        "region":"SKOR",
        "data_path":"/var/www/html/ec_latest_builds/DENALI_PBF/SKOR_NT_15Q4/DENALI_PBF-SKOR_NT_15Q4-AdaptorG2_UniDB_1.0.0.423854.test-20160301104655-DEV",
        "project":"DENALI",
        "size_pretty":"1.81 GB",
        "version":"15Q4",
        "create_time":"20160301104655",
        "build_type":"DENALI_PBF",
        "release_type":"DEV",
        "size":1948057578
    },
    {
        "category":"build_data",
        "vendor":"NAV2",
        "name":"DENALI_PBF-SKOR_NT_15Q4-AdaptorG2_UniDB_1.0.0.423854.test-20160303145335-DEV",
        "data_type":"PBF",
        "region":"SKOR",
        "data_path":"/var/www/html/ec_latest_builds/DENALI_PBF/SKOR_NT_15Q4/DENALI_PBF-SKOR_NT_15Q4-AdaptorG2_UniDB_1.0.0.423854.test-20160303145335-DEV",
        "project":"DENALI",
        "size_pretty":"1.60 GB",
        "version":"15Q4",
        "create_time":"20160303145335",
        "build_type":"DENALI_PBF",
        "release_type":"DEV",
        "size":1713545961
    },
    {
        "category":"build_data",
        "vendor":"NAV2",
        "name":"DENALI_PBF-SKOR_NT_15Q4-AdaptorG2_UniDB_1.0.0.423854.test-20160303174233-DEV",
        "data_type":"PBF",
        "region":"SKOR",
        "data_path":"/var/www/html/ec_latest_builds/DENALI_PBF/SKOR_NT_15Q4/DENALI_PBF-SKOR_NT_15Q4-AdaptorG2_UniDB_1.0.0.423854.test-20160303174233-DEV",
        "project":"DENALI",
        "size_pretty":"1.90 GB",
        "version":"15Q4",
        "create_time":"20160303174233",
        "build_type":"DENALI_PBF",
        "release_type":"DEV",
        "size":2041747237
    },
    {
        "category":"build_data",
        "vendor":"NAV2",
        "name":"DENALI_PBF-SKOR_NT_15Q4-AdaptorG2_UniDB_1.0.0.427112-20160307150841-DEV",
        "data_type":"PBF",
        "region":"SKOR",
        "data_path":"/var/www/html/ec_latest_builds/DENALI_PBF/SKOR_NT_15Q4/DENALI_PBF-SKOR_NT_15Q4-AdaptorG2_UniDB_1.0.0.427112-20160307150841-DEV",
        "project":"DENALI",
        "size_pretty":"4.36 GB",
        "version":"15Q4",
        "create_time":"20160307150841",
        "build_type":"DENALI_PBF",
        "release_type":"DEV",
        "size":4684947771
    },
    {
        "category":"build_data",
        "vendor":"NAV2",
        "name":"DENALI_PBF-SKOR_NT_15Q4-AdaptorG2_UniDB_1.0.0.428657-20160315110559-DEV",
        "data_type":"PBF",
        "region":"SKOR",
        "data_path":"/var/www/html/ec_latest_builds/DENALI_PBF/SKOR_NT_15Q4/DENALI_PBF-SKOR_NT_15Q4-AdaptorG2_UniDB_1.0.0.428657-20160315110559-DEV",
        "project":"DENALI",
        "size_pretty":"4.43 GB",
        "version":"15Q4",
        "create_time":"20160315110559",
        "build_type":"DENALI_PBF",
        "release_type":"DEV",
        "size":4752685412
    },
    {
        "category":"build_data",
        "vendor":"NAV2",
        "name":"DENALI_PBF-SKOR_NT_15Q4-AdaptorG2_UniDB_1.0.0.452173-20160817115136-RC",
        "data_type":"PBF",
        "region":"SKOR",
        "data_path":"/var/www/html/ec_latest_builds/DENALI_PBF/SKOR_NT_15Q4/DENALI_PBF-SKOR_NT_15Q4-AdaptorG2_UniDB_1.0.0.452173-20160817115136-RC",
        "project":"DENALI",
        "size_pretty":"4.77 GB",
        "version":"15Q4",
        "create_time":"20160817115136",
        "build_type":"DENALI_PBF",
        "release_type":"RC",
        "size":5124868741
    },
    {
        "category":"build_data",
        "vendor":"NAV2",
        "name":"DENALI_PBF-SKOR_NT_15Q4-AdaptorG2_UniDB_1.0.0.452579-20160819155341-RC",
        "data_type":"PBF",
        "region":"SKOR",
        "data_path":"/var/www/html/ec_latest_builds/DENALI_PBF/SKOR_NT_15Q4/DENALI_PBF-SKOR_NT_15Q4-AdaptorG2_UniDB_1.0.0.452579-20160819155341-RC",
        "project":"DENALI",
        "size_pretty":"6.29 GB",
        "version":"15Q4",
        "create_time":"20160819155341",
        "build_type":"DENALI_PBF",
        "release_type":"RC",
        "size":6753022502
    },
    {
        "category":"build_data",
        "vendor":"NAV2",
        "name":"DENALI_PBF-SKOR_NT_16Q3-AdaptorG2_UniDB_1.0.0.456374-20160914114024-RC",
        "data_type":"PBF",
        "region":"SKOR",
        "data_path":"/var/www/html/ec_latest_builds/DENALI_PBF/SKOR_NT_16Q3/DENALI_PBF-SKOR_NT_16Q3-AdaptorG2_UniDB_1.0.0.456374-20160914114024-RC",
        "project":"DENALI",
        "size_pretty":"5.17 GB",
        "version":"16Q3",
        "create_time":"20160914114024",
        "build_type":"DENALI_PBF",
        "release_type":"RC",
        "size":5553182758
    },
    {
        "category":"build_data",
        "vendor":"NAV2",
        "name":"DENALI_PBF-SKOR_NT_16Q3-AdaptorG2_UniDB_1.0.0.462858-20161027154715-RC",
        "data_type":"PBF",
        "region":"SKOR",
        "data_path":"/var/www/html/ec_latest_builds/DENALI_PBF/SKOR_NT_16Q3/DENALI_PBF-SKOR_NT_16Q3-AdaptorG2_UniDB_1.0.0.462858-20161027154715-RC",
        "project":"DENALI",
        "size_pretty":"5.16 GB",
        "version":"16Q3",
        "create_time":"20161027154715",
        "build_type":"DENALI_PBF",
        "release_type":"RC",
        "size":5541300475
    },
    {
        "category":"build_data",
        "vendor":"NAV2",
        "name":"DENALI_PBF-SKOR_NT_16Q3-AdaptorG2_UniDB_1.0.0.474958-20170116164227-DEV",
        "data_type":"PBF",
        "region":"SKOR",
        "data_path":"/var/www/html/ec_latest_builds/DENALI_PBF/SKOR_NT_16Q3/DENALI_PBF-SKOR_NT_16Q3-AdaptorG2_UniDB_1.0.0.474958-20170116164227-DEV",
        "project":"DENALI",
        "size_pretty":"5.05 GB",
        "version":"16Q3",
        "create_time":"20170116164227",
        "build_type":"DENALI_PBF",
        "release_type":"DEV",
        "size":5426648674
    },
    {
        "category":"build_data",
        "vendor":"NAV2",
        "name":"DENALI_PBF-SKOR_NT_16Q3-AdaptorG2_UniDB_1.0.0.475006-20170116211938-DEV",
        "data_type":"PBF",
        "region":"SKOR",
        "data_path":"/var/www/html/ec_latest_builds/DENALI_PBF/SKOR_NT_16Q3/DENALI_PBF-SKOR_NT_16Q3-AdaptorG2_UniDB_1.0.0.475006-20170116211938-DEV",
        "project":"DENALI",
        "size_pretty":"5.06 GB",
        "version":"16Q3",
        "create_time":"20170116211938",
        "build_type":"DENALI_PBF",
        "release_type":"DEV",
        "size":5429046823
    },
    {
        "category":"build_data",
        "vendor":"NAV2",
        "name":"DENALI_PBF-SKOR_NT_16Q3-AdaptorG2_UniDB_1.0.0.475093-20170117110642-DEV",
        "data_type":"PBF",
        "region":"SKOR",
        "data_path":"/var/www/html/ec_latest_builds/DENALI_PBF/SKOR_NT_16Q3/DENALI_PBF-SKOR_NT_16Q3-AdaptorG2_UniDB_1.0.0.475093-20170117110642-DEV",
        "project":"DENALI",
        "size_pretty":"5.05 GB",
        "version":"16Q3",
        "create_time":"20170117110642",
        "build_type":"DENALI_PBF",
        "release_type":"DEV",
        "size":5426647857
    },
    {
        "category":"build_data",
        "vendor":"NAV2",
        "name":"DENALI_PBF-SKOR_NT_16Q3-AdaptorG2_UniDB_1.0.0.475102-20170117112912-DEV",
        "data_type":"PBF",
        "region":"SKOR",
        "data_path":"/var/www/html/ec_latest_builds/DENALI_PBF/SKOR_NT_16Q3/DENALI_PBF-SKOR_NT_16Q3-AdaptorG2_UniDB_1.0.0.475102-20170117112912-DEV",
        "project":"DENALI",
        "size_pretty":"5.05 GB",
        "version":"16Q3",
        "create_time":"20170117112912",
        "build_type":"DENALI_PBF",
        "release_type":"DEV",
        "size":5426727838
    },
    {
        "category":"build_data",
        "vendor":"NAV2",
        "name":"DENALI_PBF-SKOR_NT_16Q3-AdaptorG2_UniDB_1.0.0.475177-20170117171128-DEV",
        "data_type":"PBF",
        "region":"SKOR",
        "data_path":"/var/www/html/ec_latest_builds/DENALI_PBF/SKOR_NT_16Q3/DENALI_PBF-SKOR_NT_16Q3-AdaptorG2_UniDB_1.0.0.475177-20170117171128-DEV",
        "project":"DENALI",
        "size_pretty":"5.05 GB",
        "version":"16Q3",
        "create_time":"20170117171128",
        "build_type":"DENALI_PBF",
        "release_type":"DEV",
        "size":5426798692
    },
    {
        "category":"build_data",
        "vendor":"NAV2",
        "name":"DENALI_PBF-SKOR_NT_16Q3-AdaptorG2_UniDB_1.0.0.475376-20170118181328-RC",
        "data_type":"PBF",
        "region":"SKOR",
        "data_path":"/var/www/html/ec_latest_builds/DENALI_PBF/SKOR_NT_16Q3/DENALI_PBF-SKOR_NT_16Q3-AdaptorG2_UniDB_1.0.0.475376-20170118181328-RC",
        "project":"DENALI",
        "size_pretty":"5.06 GB",
        "version":"16Q3",
        "create_time":"20170118181328",
        "build_type":"DENALI_PBF",
        "release_type":"RC",
        "size":5431824920
    },
    {
        "category":"build_data",
        "vendor":"NAV2",
        "name":"DENALI_PBF-SKOR_NT_16Q3-AdaptorG2_UniDB_1.0.0.480444-20170222185846-RC",
        "data_type":"PBF",
        "region":"SKOR",
        "data_path":"/var/www/html/ec_latest_builds/DENALI_PBF/SKOR_NT_16Q3/DENALI_PBF-SKOR_NT_16Q3-AdaptorG2_UniDB_1.0.0.480444-20170222185846-RC",
        "project":"DENALI",
        "size_pretty":"5.19 GB",
        "version":"16Q3",
        "create_time":"20170222185846",
        "build_type":"DENALI_PBF",
        "release_type":"RC",
        "size":5568594483
    },
    {
        "category":"build_data",
        "vendor":"NAV2",
        "name":"DENALI_PBF-SKOR_NT_16Q3-AdaptorG2_UniDB_1.0.0.480481-20170222220134-RC",
        "data_type":"PBF",
        "region":"SKOR",
        "data_path":"/var/www/html/ec_latest_builds/DENALI_PBF/SKOR_NT_16Q3/DENALI_PBF-SKOR_NT_16Q3-AdaptorG2_UniDB_1.0.0.480481-20170222220134-RC",
        "project":"DENALI",
        "size_pretty":"5.19 GB",
        "version":"16Q3",
        "create_time":"20170222220134",
        "build_type":"DENALI_PBF",
        "release_type":"RC",
        "size":5574300204
    },
    {
        "category":"build_data",
        "vendor":"NAV2",
        "name":"DENALI_PBF-SKOR_NT_16Q3-AdaptorG2_UniDB_1.0.0.481617-20170301193203-RC",
        "data_type":"PBF",
        "region":"SKOR",
        "data_path":"/var/www/html/ec_latest_builds/DENALI_PBF/SKOR_NT_16Q3/DENALI_PBF-SKOR_NT_16Q3-AdaptorG2_UniDB_1.0.0.481617-20170301193203-RC",
        "project":"DENALI",
        "size_pretty":"5.19 GB",
        "version":"16Q3",
        "create_time":"20170301193203",
        "build_type":"DENALI_PBF",
        "release_type":"RC",
        "size":5574444948
    }
]