[
    {
        "category":"unidb",
        "vendor":"AUTONAVI",
        "name":"unidb_cn_axf_16q2_1.0.0.113943_170504_055816_mainland-RC",
        "region":"cn",
        "size_pretty":"109.97 GB",
        "version":"16Q2",
        "create_time":"055816",
        "release_type":"RC",
        "size":118075920148
    },
    {
        "category":"unidb",
        "vendor":"AUTONAVI",
        "name":"unidb_cn_axf_16q3_1.0.0.113978_170801_055247_mainland-RC",
        "region":"cn",
        "size_pretty":"114.43 GB",
        "version":"16Q3",
        "create_time":"055247",
        "release_type":"RC",
        "size":122864930580
    },
    {
        "category":"unidb",
        "vendor":"AUTONAVI",
        "name":"unidb_cn_axf_16q4_1.0.0.113978_170927_123318_mainland-rc",
        "region":"cn",
        "size_pretty":"119.65 GB",
        "version":"16Q4",
        "create_time":"123318",
        "release_type":"rc",
        "size":128475565844
    },
    {
        "category":"unidb",
        "vendor":"AUTONAVI",
        "name":"unidb_cn_axf_17q1_1.0.0.528173_180204_085825-rc",
        "region":"cn",
        "size_pretty":"124.15 GB",
        "version":"17Q1",
        "create_time":"085825",
        "release_type":"rc",
        "size":133309738772
    },
    {
        "category":"unidb",
        "vendor":"AUTONAVI",
        "name":"unidb_cn_axf_17q2_1.0.0.529918_180211_094218-rc",
        "region":"cn",
        "size_pretty":"123.14 GB",
        "version":"17Q2",
        "create_time":"094218",
        "release_type":"rc",
        "size":132221169428
    },
    {
        "category":"unidb",
        "vendor":"AUTONAVI",
        "name":"unidb_cn_axf_17q3_1.0.0.528173_180316_030223-rc",
        "region":"cn",
        "size_pretty":"135.62 GB",
        "version":"17Q3",
        "create_time":"030223",
        "release_type":"rc",
        "size":145622109972
    },
    {
        "category":"unidb",
        "vendor":"AUTONAVI",
        "name":"unidb_cn_axf_17q3_1.0.0.530603_180224_064737-rc",
        "region":"cn",
        "size_pretty":"130.58 GB",
        "version":"17Q3",
        "create_time":"064737",
        "release_type":"rc",
        "size":140209934100
    },
    {
        "category":"unidb",
        "vendor":"AUTONAVI",
        "name":"unidb_cn_axf_17q4_1.0.0.525970_180115_092132-rc",
        "region":"cn",
        "size_pretty":"143.82 GB",
        "version":"17Q4",
        "create_time":"092132",
        "release_type":"rc",
        "size":154425618196
    }
]