[
    {
        "name":"KOR_HERE_17Q1",
        "region":"KOR",
        "data_path":"/var/www/html/ec_latest_builds/DENALI_PBF/KOR_HERE_17Q1",
        "data_list":[
            {
                "name":"DENALI_PBF-KOR_HERE_17Q1-AdaptorG2_UniDB_1.0.0.489121-20170417230654-DEV",
                "data_type":"DEV",
                "data_path":"/var/www/html/ec_latest_builds/DENALI_PBF/KOR_HERE_17Q1/DENALI_PBF-KOR_HERE_17Q1-AdaptorG2_UniDB_1.0.0.489121-20170417230654-DEV",
                "data_size":5639800174,
                "data_pretty_size":"5.25 GB",
                "data_time":"20170417230654"
            },
            {
                "name":"DENALI_PBF-KOR_HERE_17Q1-AdaptorG2_UniDB_1.0.0.492798-20170510103505-DEV",
                "data_type":"DEV",
                "data_path":"/var/www/html/ec_latest_builds/DENALI_PBF/KOR_HERE_17Q1/DENALI_PBF-KOR_HERE_17Q1-AdaptorG2_UniDB_1.0.0.492798-20170510103505-DEV",
                "data_size":5630718610,
                "data_pretty_size":"5.24 GB",
                "data_time":"20170510103505"
            },
            {
                "name":"DENALI_PBF-KOR_HERE_17Q1-AdaptorG2_UniDB_1.0.0.495483-20170527145129-DEV",
                "data_type":"DEV",
                "data_path":"/var/www/html/ec_latest_builds/DENALI_PBF/KOR_HERE_17Q1/DENALI_PBF-KOR_HERE_17Q1-AdaptorG2_UniDB_1.0.0.495483-20170527145129-DEV",
                "data_size":5633136112,
                "data_pretty_size":"5.25 GB",
                "data_time":"20170527145129"
            },
            {
                "name":"DENALI_PBF-KOR_HERE_17Q1-AdaptorG2_UniDB_1.0.0.521907-20171121142839-DEV",
                "data_type":"DEV",
                "data_path":"/var/www/html/ec_latest_builds/DENALI_PBF/KOR_HERE_17Q1/DENALI_PBF-KOR_HERE_17Q1-AdaptorG2_UniDB_1.0.0.521907-20171121142839-DEV",
                "data_size":5628413599,
                "data_pretty_size":"5.24 GB",
                "data_time":"20171121142839"
            },
            {
                "name":"DENALI_PBF-KOR_HERE_17Q1-AdaptorG2_UniDB_1.0.0.525714-20171228182248-DEV",
                "data_type":"DEV",
                "data_path":"/var/www/html/ec_latest_builds/DENALI_PBF/KOR_HERE_17Q1/DENALI_PBF-KOR_HERE_17Q1-AdaptorG2_UniDB_1.0.0.525714-20171228182248-DEV",
                "data_size":5627129662,
                "data_pretty_size":"5.24 GB",
                "data_time":"20171228182248"
            },
            {
                "name":"DENALI_PBF-KOR_HERE_17Q1-AdaptorG2_UniDB_1.0.0.525886-20180102160659-DEV",
                "data_type":"DEV",
                "data_path":"/var/www/html/ec_latest_builds/DENALI_PBF/KOR_HERE_17Q1/DENALI_PBF-KOR_HERE_17Q1-AdaptorG2_UniDB_1.0.0.525886-20180102160659-DEV",
                "data_size":5627125857,
                "data_pretty_size":"5.24 GB",
                "data_time":"20180102160659"
            },
            {
                "name":"DENALI_PBF-KOR_HERE_17Q1-AdaptorG2_UniDB_1.0.0.490639-20170426160550-RC",
                "data_type":"RC",
                "data_path":"/var/www/html/ec_latest_builds/DENALI_PBF/KOR_HERE_17Q1/DENALI_PBF-KOR_HERE_17Q1-AdaptorG2_UniDB_1.0.0.490639-20170426160550-RC",
                "data_size":5630698025,
                "data_pretty_size":"5.24 GB",
                "data_time":"20170426160550"
            },
            {
                "name":"DENALI_PBF-KOR_HERE_17Q1-AdaptorG2_UniDB_1.0.0.496574-20170606173912-RC",
                "data_type":"RC",
                "data_path":"/var/www/html/ec_latest_builds/DENALI_PBF/KOR_HERE_17Q1/DENALI_PBF-KOR_HERE_17Q1-AdaptorG2_UniDB_1.0.0.496574-20170606173912-RC",
                "data_size":5630723479,
                "data_pretty_size":"5.24 GB",
                "data_time":"20170606173912"
            },
            {
                "name":"DENALI_PBF-KOR_HERE_17Q1-AdaptorG2_UniDB_1.0.0.504930-20170731150444-RC",
                "data_type":"RC",
                "data_path":"/var/www/html/ec_latest_builds/DENALI_PBF/KOR_HERE_17Q1/DENALI_PBF-KOR_HERE_17Q1-AdaptorG2_UniDB_1.0.0.504930-20170731150444-RC",
                "data_size":5631714477,
                "data_pretty_size":"5.24 GB",
                "data_time":"20170731150444"
            },
            {
                "name":"DENALI_PBF-KOR_HERE_17Q1-AdaptorG2_UniDB_1.0.0.521545-20171120192500-RC",
                "data_type":"RC",
                "data_path":"/var/www/html/ec_latest_builds/DENALI_PBF/KOR_HERE_17Q1/DENALI_PBF-KOR_HERE_17Q1-AdaptorG2_UniDB_1.0.0.521545-20171120192500-RC",
                "data_size":5615438850,
                "data_pretty_size":"5.23 GB",
                "data_time":"20171120192500"
            }
        ],
        "version":"17Q1",
        "pbf_pretty_size":"52.43 GB",
        "size":56294898845
    },
    {
        "name":"KOR_HERE_17Q4",
        "region":"KOR",
        "data_path":"/var/www/html/ec_latest_builds/DENALI_PBF/KOR_HERE_17Q4",
        "data_list":[
            {
                "name":"DENALI_PBF-KOR_HERE_17Q4-AdaptorG2_UniDB_1.0.0.523239-20171215193725-DEV",
                "data_type":"DEV",
                "data_path":"/var/www/html/ec_latest_builds/DENALI_PBF/KOR_HERE_17Q4/DENALI_PBF-KOR_HERE_17Q4-AdaptorG2_UniDB_1.0.0.523239-20171215193725-DEV",
                "data_size":6794575706,
                "data_pretty_size":"6.33 GB",
                "data_time":"20171215193725"
            },
            {
                "name":"DENALI_PBF-KOR_HERE_17Q4-AdaptorG2_UniDB_1.0.0.526325-20180109121111-RC",
                "data_type":"RC",
                "data_path":"/var/www/html/ec_latest_builds/DENALI_PBF/KOR_HERE_17Q4/DENALI_PBF-KOR_HERE_17Q4-AdaptorG2_UniDB_1.0.0.526325-20180109121111-RC",
                "data_size":8647430927,
                "data_pretty_size":"8.05 GB",
                "data_time":"20180109121111"
            }
        ],
        "version":"17Q4",
        "pbf_pretty_size":"14.38 GB",
        "size":15442006633
    },
    {
        "name":"SKOR_NT_15Q4",
        "region":"SKOR",
        "data_path":"/var/www/html/ec_latest_builds/DENALI_PBF/SKOR_NT_15Q4",
        "data_list":[
            {
                "name":"DENALI_PBF-SKOR_NT_15Q4-AdaptorG2_UniDB_1.0.0.423854.test-20160301022850-DEV",
                "data_type":"DEV",
                "data_path":"/var/www/html/ec_latest_builds/DENALI_PBF/SKOR_NT_15Q4/DENALI_PBF-SKOR_NT_15Q4-AdaptorG2_UniDB_1.0.0.423854.test-20160301022850-DEV",
                "data_size":1439419326,
                "data_pretty_size":"1.34 GB",
                "data_time":"20160301022850"
            },
            {
                "name":"DENALI_PBF-SKOR_NT_15Q4-AdaptorG2_UniDB_1.0.0.423854.test-20160301104655-DEV",
                "data_type":"DEV",
                "data_path":"/var/www/html/ec_latest_builds/DENALI_PBF/SKOR_NT_15Q4/DENALI_PBF-SKOR_NT_15Q4-AdaptorG2_UniDB_1.0.0.423854.test-20160301104655-DEV",
                "data_size":1948057578,
                "data_pretty_size":"1.81 GB",
                "data_time":"20160301104655"
            },
            {
                "name":"DENALI_PBF-SKOR_NT_15Q4-AdaptorG2_UniDB_1.0.0.423854.test-20160303145335-DEV",
                "data_type":"DEV",
                "data_path":"/var/www/html/ec_latest_builds/DENALI_PBF/SKOR_NT_15Q4/DENALI_PBF-SKOR_NT_15Q4-AdaptorG2_UniDB_1.0.0.423854.test-20160303145335-DEV",
                "data_size":1713545961,
                "data_pretty_size":"1.60 GB",
                "data_time":"20160303145335"
            },
            {
                "name":"DENALI_PBF-SKOR_NT_15Q4-AdaptorG2_UniDB_1.0.0.423854.test-20160303174233-DEV",
                "data_type":"DEV",
                "data_path":"/var/www/html/ec_latest_builds/DENALI_PBF/SKOR_NT_15Q4/DENALI_PBF-SKOR_NT_15Q4-AdaptorG2_UniDB_1.0.0.423854.test-20160303174233-DEV",
                "data_size":2041747237,
                "data_pretty_size":"1.90 GB",
                "data_time":"20160303174233"
            },
            {
                "name":"DENALI_PBF-SKOR_NT_15Q4-AdaptorG2_UniDB_1.0.0.427112-20160307150841-DEV",
                "data_type":"DEV",
                "data_path":"/var/www/html/ec_latest_builds/DENALI_PBF/SKOR_NT_15Q4/DENALI_PBF-SKOR_NT_15Q4-AdaptorG2_UniDB_1.0.0.427112-20160307150841-DEV",
                "data_size":4684947771,
                "data_pretty_size":"4.36 GB",
                "data_time":"20160307150841"
            },
            {
                "name":"DENALI_PBF-SKOR_NT_15Q4-AdaptorG2_UniDB_1.0.0.428657-20160315110559-DEV",
                "data_type":"DEV",
                "data_path":"/var/www/html/ec_latest_builds/DENALI_PBF/SKOR_NT_15Q4/DENALI_PBF-SKOR_NT_15Q4-AdaptorG2_UniDB_1.0.0.428657-20160315110559-DEV",
                "data_size":4752685412,
                "data_pretty_size":"4.43 GB",
                "data_time":"20160315110559"
            },
            {
                "name":"DENALI_PBF-SKOR_NT_15Q4-AdaptorG2_UniDB_1.0.0.452173-20160817115136-RC",
                "data_type":"RC",
                "data_path":"/var/www/html/ec_latest_builds/DENALI_PBF/SKOR_NT_15Q4/DENALI_PBF-SKOR_NT_15Q4-AdaptorG2_UniDB_1.0.0.452173-20160817115136-RC",
                "data_size":5124868741,
                "data_pretty_size":"4.77 GB",
                "data_time":"20160817115136"
            },
            {
                "name":"DENALI_PBF-SKOR_NT_15Q4-AdaptorG2_UniDB_1.0.0.452579-20160819155341-RC",
                "data_type":"RC",
                "data_path":"/var/www/html/ec_latest_builds/DENALI_PBF/SKOR_NT_15Q4/DENALI_PBF-SKOR_NT_15Q4-AdaptorG2_UniDB_1.0.0.452579-20160819155341-RC",
                "data_size":6753022502,
                "data_pretty_size":"6.29 GB",
                "data_time":"20160819155341"
            }
        ],
        "version":"15Q4",
        "pbf_pretty_size":"26.50 GB",
        "size":28458294528
    },
    {
        "name":"SKOR_NT_16Q3",
        "region":"SKOR",
        "data_path":"/var/www/html/ec_latest_builds/DENALI_PBF/SKOR_NT_16Q3",
        "data_list":[
            {
                "name":"DENALI_PBF-SKOR_NT_16Q3-AdaptorG2_UniDB_1.0.0.474958-20170116164227-DEV",
                "data_type":"DEV",
                "data_path":"/var/www/html/ec_latest_builds/DENALI_PBF/SKOR_NT_16Q3/DENALI_PBF-SKOR_NT_16Q3-AdaptorG2_UniDB_1.0.0.474958-20170116164227-DEV",
                "data_size":5426648674,
                "data_pretty_size":"5.05 GB",
                "data_time":"20170116164227"
            },
            {
                "name":"DENALI_PBF-SKOR_NT_16Q3-AdaptorG2_UniDB_1.0.0.475006-20170116211938-DEV",
                "data_type":"DEV",
                "data_path":"/var/www/html/ec_latest_builds/DENALI_PBF/SKOR_NT_16Q3/DENALI_PBF-SKOR_NT_16Q3-AdaptorG2_UniDB_1.0.0.475006-20170116211938-DEV",
                "data_size":5429046823,
                "data_pretty_size":"5.06 GB",
                "data_time":"20170116211938"
            },
            {
                "name":"DENALI_PBF-SKOR_NT_16Q3-AdaptorG2_UniDB_1.0.0.475093-20170117110642-DEV",
                "data_type":"DEV",
                "data_path":"/var/www/html/ec_latest_builds/DENALI_PBF/SKOR_NT_16Q3/DENALI_PBF-SKOR_NT_16Q3-AdaptorG2_UniDB_1.0.0.475093-20170117110642-DEV",
                "data_size":5426647857,
                "data_pretty_size":"5.05 GB",
                "data_time":"20170117110642"
            },
            {
                "name":"DENALI_PBF-SKOR_NT_16Q3-AdaptorG2_UniDB_1.0.0.475102-20170117112912-DEV",
                "data_type":"DEV",
                "data_path":"/var/www/html/ec_latest_builds/DENALI_PBF/SKOR_NT_16Q3/DENALI_PBF-SKOR_NT_16Q3-AdaptorG2_UniDB_1.0.0.475102-20170117112912-DEV",
                "data_size":5426727838,
                "data_pretty_size":"5.05 GB",
                "data_time":"20170117112912"
            },
            {
                "name":"DENALI_PBF-SKOR_NT_16Q3-AdaptorG2_UniDB_1.0.0.475177-20170117171128-DEV",
                "data_type":"DEV",
                "data_path":"/var/www/html/ec_latest_builds/DENALI_PBF/SKOR_NT_16Q3/DENALI_PBF-SKOR_NT_16Q3-AdaptorG2_UniDB_1.0.0.475177-20170117171128-DEV",
                "data_size":5426798692,
                "data_pretty_size":"5.05 GB",
                "data_time":"20170117171128"
            },
            {
                "name":"DENALI_PBF-SKOR_NT_16Q3-AdaptorG2_UniDB_1.0.0.456374-20160914114024-RC",
                "data_type":"RC",
                "data_path":"/var/www/html/ec_latest_builds/DENALI_PBF/SKOR_NT_16Q3/DENALI_PBF-SKOR_NT_16Q3-AdaptorG2_UniDB_1.0.0.456374-20160914114024-RC",
                "data_size":5553182758,
                "data_pretty_size":"5.17 GB",
                "data_time":"20160914114024"
            },
            {
                "name":"DENALI_PBF-SKOR_NT_16Q3-AdaptorG2_UniDB_1.0.0.462858-20161027154715-RC",
                "data_type":"RC",
                "data_path":"/var/www/html/ec_latest_builds/DENALI_PBF/SKOR_NT_16Q3/DENALI_PBF-SKOR_NT_16Q3-AdaptorG2_UniDB_1.0.0.462858-20161027154715-RC",
                "data_size":5541300475,
                "data_pretty_size":"5.16 GB",
                "data_time":"20161027154715"
            },
            {
                "name":"DENALI_PBF-SKOR_NT_16Q3-AdaptorG2_UniDB_1.0.0.475376-20170118181328-RC",
                "data_type":"RC",
                "data_path":"/var/www/html/ec_latest_builds/DENALI_PBF/SKOR_NT_16Q3/DENALI_PBF-SKOR_NT_16Q3-AdaptorG2_UniDB_1.0.0.475376-20170118181328-RC",
                "data_size":5431824920,
                "data_pretty_size":"5.06 GB",
                "data_time":"20170118181328"
            },
            {
                "name":"DENALI_PBF-SKOR_NT_16Q3-AdaptorG2_UniDB_1.0.0.480444-20170222185846-RC",
                "data_type":"RC",
                "data_path":"/var/www/html/ec_latest_builds/DENALI_PBF/SKOR_NT_16Q3/DENALI_PBF-SKOR_NT_16Q3-AdaptorG2_UniDB_1.0.0.480444-20170222185846-RC",
                "data_size":5568594483,
                "data_pretty_size":"5.19 GB",
                "data_time":"20170222185846"
            },
            {
                "name":"DENALI_PBF-SKOR_NT_16Q3-AdaptorG2_UniDB_1.0.0.480481-20170222220134-RC",
                "data_type":"RC",
                "data_path":"/var/www/html/ec_latest_builds/DENALI_PBF/SKOR_NT_16Q3/DENALI_PBF-SKOR_NT_16Q3-AdaptorG2_UniDB_1.0.0.480481-20170222220134-RC",
                "data_size":5574300204,
                "data_pretty_size":"5.19 GB",
                "data_time":"20170222220134"
            },
            {
                "name":"DENALI_PBF-SKOR_NT_16Q3-AdaptorG2_UniDB_1.0.0.481617-20170301193203-RC",
                "data_type":"RC",
                "data_path":"/var/www/html/ec_latest_builds/DENALI_PBF/SKOR_NT_16Q3/DENALI_PBF-SKOR_NT_16Q3-AdaptorG2_UniDB_1.0.0.481617-20170301193203-RC",
                "data_size":5574444948,
                "data_pretty_size":"5.19 GB",
                "data_time":"20170301193203"
            }
        ],
        "version":"16Q3",
        "pbf_pretty_size":"56.23 GB",
        "size":60379517672
    }
]