[
    {
        "data_time":"",
        "data_type":"",
        "database_name":"HERE_ANZ16Q4",
        "version":"16Q4",
        "region":"ANZ",
        "size":37581750788
    },
    {
        "data_time":"",
        "data_type":"",
        "database_name":"HERE_ANZ17Q1",
        "version":"17Q1",
        "region":"ANZ",
        "size":38119801348
    },
    {
        "data_time":"",
        "data_type":"",
        "database_name":"HERE_ANZ17Q2",
        "version":"17Q2",
        "region":"ANZ",
        "size":40788656644
    },
    {
        "data_time":"",
        "data_type":"",
        "database_name":"HERE_ANZ17Q3",
        "version":"17Q3",
        "region":"ANZ",
        "size":41290072580
    },
    {
        "data_time":"",
        "data_type":"",
        "database_name":"HERE_ANZ17Q4",
        "version":"17Q4",
        "region":"ANZ",
        "size":42456613380
    },
    {
        "data_time":"",
        "data_type":"",
        "database_name":"HERE_IND17Q1",
        "version":"17Q1",
        "region":"IND",
        "size":172477252100
    },
    {
        "data_time":"",
        "data_type":"",
        "database_name":"HERE_MEA17Q1",
        "version":"17Q1",
        "region":"MEA",
        "size":142941127172
    },
    {
        "data_time":"",
        "data_type":"",
        "database_name":"HERE_MEA17Q2",
        "version":"17Q2",
        "region":"MEA",
        "size":154083099140
    },
    {
        "data_time":"",
        "data_type":"",
        "database_name":"HERE_MEA17Q3",
        "version":"17Q3",
        "region":"MEA",
        "size":157046964740
    },
    {
        "data_time":"",
        "data_type":"",
        "database_name":"HERE_MEA17Q4",
        "version":"17Q4",
        "region":"MEA",
        "size":162547859972
    },
    {
        "data_time":"",
        "data_type":"",
        "database_name":"HERE_NA16Q4",
        "version":"16Q4",
        "region":"NA",
        "size":484758127108
    },
    {
        "data_time":"",
        "data_type":"",
        "database_name":"HERE_NA17Q1",
        "version":"17Q1",
        "region":"NA",
        "size":487568343556
    },
    {
        "data_time":"",
        "data_type":"",
        "database_name":"HERE_NA17Q2",
        "version":"17Q2",
        "region":"NA",
        "size":511974507012
    },
    {
        "data_time":"",
        "data_type":"",
        "database_name":"HERE_NA17Q3",
        "version":"17Q3",
        "region":"NA",
        "size":517628577976
    },
    {
        "data_time":"",
        "data_type":"",
        "database_name":"HERE_NA17Q4",
        "version":"17Q4",
        "region":"NA",
        "size":518528172548
    },
    {
        "data_time":"",
        "data_type":"",
        "database_name":"HERE_SA17Q1",
        "version":"17Q1",
        "region":"SA",
        "size":154559676932
    },
    {
        "data_time":"",
        "data_type":"",
        "database_name":"HERE_SA17Q2",
        "version":"17Q2",
        "region":"SA",
        "size":160992199172
    },
    {
        "data_time":"",
        "data_type":"",
        "database_name":"HERE_SA17Q3",
        "version":"17Q3",
        "region":"SA",
        "size":167256556036
    },
    {
        "data_time":"",
        "data_type":"",
        "database_name":"HERE_SA17Q4",
        "version":"17Q4",
        "region":"SA",
        "size":172289950212
    },
    {
        "data_time":"",
        "data_type":"",
        "database_name":"HERE_SEA16Q2",
        "version":"16Q2",
        "region":"SEA",
        "size":47850947076
    },
    {
        "data_time":"",
        "data_type":"",
        "database_name":"HERE_SEA17Q1",
        "version":"17Q1",
        "region":"SEA",
        "size":81962598916
    },
    {
        "data_time":"",
        "data_type":"",
        "database_name":"HERE_SEA17Q2",
        "version":"17Q2",
        "region":"SEA",
        "size":86378480132
    },
    {
        "data_time":"",
        "data_type":"",
        "database_name":"HERE_SEA17Q3",
        "version":"17Q3",
        "region":"SEA",
        "size":87737238020
    },
    {
        "data_time":"",
        "data_type":"",
        "database_name":"HERE_SEA17Q4",
        "version":"17Q4",
        "region":"SEA",
        "size":90780762628
    },
    {
        "data_time":"",
        "data_type":"",
        "database_name":"HERE_TWN16Q4",
        "version":"16Q4",
        "region":"TWN",
        "size":19254379012
    },
    {
        "data_time":"",
        "data_type":"",
        "database_name":"HERE_TWN17Q2",
        "version":"17Q2",
        "region":"TWN",
        "size":19885490692
    },
    {
        "data_time":"",
        "data_type":"",
        "database_name":"HERE_TWN17Q3",
        "version":"17Q3",
        "region":"TWN",
        "size":19920945668
    },
    {
        "data_time":"",
        "data_type":"",
        "database_name":"HERE_TWN17Q4",
        "version":"17Q4",
        "region":"TWN",
        "size":19546046980
    },
    {
        "data_time":"",
        "data_type":"",
        "database_name":"UniDB_HERE_ANZ16Q4_1.0.0.470618-20170114204118-RC",
        "version":"16Q4",
        "region":"ANZ",
        "size":32581779972
    },
    {
        "data_time":"",
        "data_type":"",
        "database_name":"UniDB_HERE_ANZ17Q1_1.0.0.489344-20170419012913-RC",
        "version":"17Q1",
        "region":"ANZ",
        "size":38180014264
    },
    {
        "data_time":"",
        "data_type":"",
        "database_name":"UniDB_HERE_ANZ17Q2_1.0.0.500044-20170719183538-RC",
        "version":"17Q2",
        "region":"ANZ",
        "size":36612080132
    },
    {
        "data_time":"",
        "data_type":"",
        "database_name":"UniDB_HERE_ANZ17Q3_1.0.0.515287-20171011030300-RC",
        "version":"17Q3",
        "region":"ANZ",
        "size":37090886148
    },
    {
        "data_time":"",
        "data_type":"",
        "database_name":"UniDB_HERE_ANZ17Q4_1.0.0.524754-20180102184625-RC",
        "version":"17Q4",
        "region":"ANZ",
        "size":38336481464
    },
    {
        "data_time":"",
        "data_type":"",
        "database_name":"UniDB_HERE_ANZ17Q4_1.0.0.524754-20171225011414-RC",
        "version":"17Q4",
        "region":"ANZ",
        "size":38341018116
    },
    {
        "data_time":"",
        "data_type":"",
        "database_name":"UniDB_HERE_MEA16Q1_1.0.0.467919-20161205230752-RC",
        "version":"16Q1",
        "region":"MEA",
        "size":48862069252
    },
    {
        "data_time":"",
        "data_type":"",
        "database_name":"UniDB_HERE_MEA17Q1_1.0.0.495391-20170526192435-RC",
        "version":"17Q1",
        "region":"MEA",
        "size":66575550648
    },
    {
        "data_time":"",
        "data_type":"",
        "database_name":"UniDB_HERE_MEA17Q2_1.0.0.496574-20170711223909-RC",
        "version":"17Q2",
        "region":"MEA",
        "size":72715502084
    },
    {
        "data_time":"",
        "data_type":"",
        "database_name":"UniDB_HERE_MEA17Q3_1.0.0.515772-20171013002550-RC",
        "version":"17Q3",
        "region":"MEA",
        "size":73512714756
    },
    {
        "data_time":"",
        "data_type":"",
        "database_name":"UniDB_HERE_MEA17Q4_1.0.0.524754-20171225050158-RC",
        "version":"17Q4",
        "region":"MEA",
        "size":76487721476
    },
    {
        "data_time":"",
        "data_type":"",
        "database_name":"UniDB_HERE_NA16Q4_1.0.0.470618-20170116213616-RC",
        "version":"16Q4",
        "region":"NA",
        "size":521517990404
    },
    {
        "data_time":"",
        "data_type":"",
        "database_name":"UniDB_HERE_NA17Q1_1.0.0.477938-20170207020603-RC",
        "version":"17Q1",
        "region":"NA",
        "size":513255622840
    },
    {
        "data_time":"",
        "data_type":"",
        "database_name":"UniDB_HERE_NA17Q2_1.0.0.496574-20170705223454-RC",
        "version":"17Q2",
        "region":"NA",
        "size":436119488696
    },
    {
        "data_time":"",
        "data_type":"",
        "database_name":"UniDB_HERE_NA17Q3_1.0.0.512907-20170925184127-RC",
        "version":"17Q3",
        "region":"NA",
        "size":547259959480
    },
    {
        "data_time":"",
        "data_type":"",
        "database_name":"UniDB_HERE_NA17Q4_1.0.0.524754-20171220000612-RC",
        "version":"17Q4",
        "region":"NA",
        "size":445239576760
    },
    {
        "data_time":"",
        "data_type":"",
        "database_name":"UniDB_HERE_SA16Q2_1.0.0.470618-20170103214426-RC",
        "version":"16Q2",
        "region":"SA",
        "size":81616863748
    },
    {
        "data_time":"",
        "data_type":"",
        "database_name":"UniDB_HERE_SA17Q1_1.0.0.484244-20170323191801-RC",
        "version":"17Q1",
        "region":"SA",
        "size":127232639492
    },
    {
        "data_time":"",
        "data_type":"",
        "database_name":"UniDB_HERE_SA17Q1_1.0.0.508550-20170822193311-RC",
        "version":"17Q1",
        "region":"SA",
        "size":107309287608
    },
    {
        "data_time":"",
        "data_type":"",
        "database_name":"UniDB_HERE_SA17Q2_1.0.0.508921-20170824014653-RC",
        "version":"17Q2",
        "region":"SA",
        "size":109277872644
    },
    {
        "data_time":"",
        "data_type":"",
        "database_name":"UniDB_HERE_SA17Q3_1.0.0.515772-20171012023451-RC",
        "version":"17Q3",
        "region":"SA",
        "size":121860489732
    },
    {
        "data_time":"",
        "data_type":"",
        "database_name":"UniDB_HERE_SA17Q4_1.0.0.524754-20171222061849-RC",
        "version":"17Q4",
        "region":"SA",
        "size":127417156100
    },
    {
        "data_time":"",
        "data_type":"",
        "database_name":"UniDB_HERE_SEA17Q1_1.0.0.496574-20170607181021-RC",
        "version":"17Q1",
        "region":"SEA",
        "size":34859206840
    },
    {
        "data_time":"",
        "data_type":"",
        "database_name":"UniDB_HERE_SEA17Q2_1.0.0.509650-20170830002848-RC",
        "version":"17Q2",
        "region":"SEA",
        "size":37275533828
    },
    {
        "data_time":"",
        "data_type":"",
        "database_name":"UniDB_HERE_SEA17Q2_1.0.0.496574-20170713230154-RC",
        "version":"17Q2",
        "region":"SEA",
        "size":37185257988
    },
    {
        "data_time":"",
        "data_type":"",
        "database_name":"UniDB_HERE_SEA17Q2_1.0.0.508168-20170817230530-RC",
        "version":"17Q2",
        "region":"SEA",
        "size":37257922744
    },
    {
        "data_time":"",
        "data_type":"",
        "database_name":"UniDB_HERE_SEA17Q3_1.0.0.515287-20171011031712-RC",
        "version":"17Q3",
        "region":"SEA",
        "size":37752162488
    },
    {
        "data_time":"",
        "data_type":"",
        "database_name":"UniDB_HERE_SEA17Q4_1.0.0.522408-20171130041136-RC",
        "version":"17Q4",
        "region":"SEA",
        "size":38442223800
    },
    {
        "data_time":"",
        "data_type":"",
        "database_name":"UniDB_HERE_TWN16Q4_1.0.0.477710-20170203212129-RC",
        "version":"16Q4",
        "region":"TWN",
        "size":11876205060
    },
    {
        "data_time":"",
        "data_type":"",
        "database_name":"UniDB_HERE_TWN17Q2_1.0.0.503667-20170723183459-RC",
        "version":"17Q2",
        "region":"TWN",
        "size":13756924420
    },
    {
        "data_time":"",
        "data_type":"",
        "database_name":"UniDB_HERE_TWN17Q3_1.0.0.515772-20171012184113-RC",
        "version":"17Q3",
        "region":"TWN",
        "size":13866059960
    },
    {
        "data_time":"",
        "data_type":"",
        "database_name":"UniDB_HERE_TWN17Q4_1.0.0.524243-20171220035701-RC",
        "version":"17Q4",
        "region":"TWN",
        "size":13832225284
    }
]