[
    {
        "data_time":"",
        "data_type":"",
        "database_name":"HERE_EU14Q4",
        "version":"14Q4",
        "region":"EU",
        "size":825700403384
    },
    {
        "data_time":"",
        "data_type":"",
        "database_name":"UniDB_HERE_EU17Q1_1.0.0.477938-20170215074604-RC",
        "version":"17Q1",
        "region":"EU",
        "size":779304618168
    },
    {
        "data_time":"",
        "data_type":"",
        "database_name":"UniDB_HERE_EU17Q2_1.0.0.496574-20170626184938-RC",
        "version":"17Q2",
        "region":"EU",
        "size":722090444984
    },
    {
        "data_time":"",
        "data_type":"",
        "database_name":"UniDB_HERE_NA16Q2_1.0.0.455935-20160913171110-RC",
        "version":"16Q2",
        "region":"NA",
        "size":416761727160
    },
    {
        "data_time":"",
        "data_type":"",
        "database_name":"UniDB_HERE_SA17Q1_PAN_1.0.0.488758-20170418022758-RC",
        "version":"17Q1",
        "region":"SA",
        "size":130286471352
    },
    {
        "data_time":"",
        "data_type":"",
        "database_name":"UniDB_HERE_EU17Q1_1.0.0.477938-20170216072742-RC-TURKEY",
        "version":"17Q1",
        "region":"TUR",
        "size":31064770744
    },
    {
        "data_time":"",
        "data_type":"",
        "database_name":"UniDB_HERE_EU17Q2_1.0.0.496574-20170715230341-RC-TURKEY",
        "version":"17Q2",
        "region":"TUR",
        "size":33166295556
    },
    {
        "data_time":"",
        "data_type":"",
        "database_name":"UniDB_HERE_EU17Q2_1.0.0.496574-20171017025639-RC-TURKEY",
        "version":"17Q2",
        "region":"TUR",
        "size":33125386424
    }
]