[
  {
    "Customer ID": 1234,
    "Customer Name": "John Smith",
    "Invoice Number": "100-0002",
    "Sale Amount": "$1,200.00",
    "Purchase Date": "1/1/14"
  },
  {
    "Customer ID": 2345,
    "Customer Name": "Mary Harrison",
    "Invoice Number": "100-0003",
    "Sale Amount": "$1,425.00",
    "Purchase Date": "1/6/14"
  },
  {
    "Customer ID": 3456,
    "Customer Name": "Lucy Gomez",
    "Invoice Number": "100-0004",
    "Sale Amount": "$1,390.00",
    "Purchase Date": "1/11/14"
  },
  {
    "Customer ID": 4567,
    "Customer Name": "Rupert Jones",
    "Invoice Number": "100-0005",
    "Sale Amount": "$1,257.00",
    "Purchase Date": "1/18/14"
  },
  {
    "Customer ID": 5678,
    "Customer Name": "Jenny Walters",
    "Invoice Number": "100-0006",
    "Sale Amount": "$1,725.00",
    "Purchase Date": "1/24/14"
  },
  {
    "Customer ID": 6789,
    "Customer Name": "Samantha Donaldson",
    "Invoice Number": "100-0007",
    "Sale Amount": "$1,995.00",
    "Purchase Date": "1/31/14"
  }
]