[
    {
        "name":"KOR_HERE_15Q4",
        "vendor_pretty_size":"57.56 GB",
        "region":"KOR",
        "data_path":"/var/www/html/data/KOR_HERE_15Q4",
        "version":"15Q4",
        "component_list":[
            {
                "path":"/var/www/html/data/KOR_HERE_15Q4/components/NEW_ADDRESS",
                "component_pretty_size":"1.40 GB",
                "name":"new_address",
                "size":1499314076
            },
            {
                "path":"/var/www/html/data/KOR_HERE_15Q4/components/3dlandmark_vendor",
                "component_pretty_size":"29.20 GB",
                "name":"3D_landmark",
                "size":31355887170
            },
            {
                "path":"/var/www/html/data/KOR_HERE_15Q4/components/speed_camera",
                "component_pretty_size":"3.87 MB",
                "name":"speed_camera",
                "size":4060358
            },
            {
                "path":"/var/www/html/data/KOR_HERE_15Q4/__rdf",
                "component_pretty_size":"2.51 GB",
                "name":"rdf",
                "size":2692641733
            },
            {
                "path":"/var/www/html/data/KOR_HERE_15Q4/components/junction_view",
                "component_pretty_size":"24.45 GB",
                "name":"junction_view",
                "size":26257948177
            }
        ],
        "size":61809851514
    },
    {
        "name":"KOR_HERE_16Q3",
        "vendor_pretty_size":"26.15 GB",
        "region":"KOR",
        "data_path":"/var/www/html/data/KOR_HERE_16Q3",
        "version":"16Q3",
        "component_list":[
            {
                "path":"/var/www/html/data/KOR_HERE_16Q3/components/TOLL_COST",
                "component_pretty_size":"4.76 MB",
                "name":"toll_cost",
                "size":4988613
            },
            {
                "path":"/var/www/html/data/KOR_HERE_16Q3/components/NEW_ADDRESS",
                "component_pretty_size":"1.44 GB",
                "name":"new_address",
                "size":1543981326
            },
            {
                "path":"/var/www/html/data/KOR_HERE_16Q3/components/3dlandmark_vendor",
                "component_pretty_size":"7.16 GB",
                "name":"3D_landmark",
                "size":7691398332
            },
            {
                "path":"/var/www/html/data/KOR_HERE_16Q3/components/speed_camera",
                "component_pretty_size":"3.93 MB",
                "name":"speed_camera",
                "size":4122826
            },
            {
                "path":"/var/www/html/data/KOR_HERE_16Q3/__rdf",
                "component_pretty_size":"5.22 GB",
                "name":"rdf",
                "size":5608915680
            },
            {
                "path":"/var/www/html/data/KOR_HERE_16Q3/components/junction_view",
                "component_pretty_size":"12.32 GB",
                "name":"junction_view",
                "size":13228629114
            }
        ],
        "size":28082035891
    },
    {
        "name":"KOR_HERE_16Q4",
        "vendor_pretty_size":"0.0 Byte",
        "region":"KOR",
        "data_path":"/var/www/html/data/KOR_HERE_16Q4",
        "version":"16Q4",
        "component_list":[],
        "size":0
    },
    {
        "name":"KOR_HERE_17Q1",
        "vendor_pretty_size":"27.37 GB",
        "region":"KOR",
        "data_path":"/var/www/html/data/KOR_HERE_17Q1",
        "version":"17Q1",
        "component_list":[
            {
                "path":"/var/www/html/data/KOR_HERE_17Q1/components/TOLL_COST",
                "component_pretty_size":"5.22 MB",
                "name":"toll_cost",
                "size":5476691
            },
            {
                "path":"/var/www/html/data/KOR_HERE_17Q1/components/NEW_ADDRESS",
                "component_pretty_size":"1.45 GB",
                "name":"new_address",
                "size":1552825065
            },
            {
                "path":"/var/www/html/data/KOR_HERE_17Q1/components/3dlandmark_vendor",
                "component_pretty_size":"6.62 GB",
                "name":"3D_landmark",
                "size":7104468556
            },
            {
                "path":"/var/www/html/data/KOR_HERE_17Q1/components/speed_camera",
                "component_pretty_size":"11.76 MB",
                "name":"speed_camera",
                "size":12335233
            },
            {
                "path":"/var/www/html/data/KOR_HERE_17Q1/__rdf",
                "component_pretty_size":"5.83 GB",
                "name":"rdf",
                "size":6258453265
            },
            {
                "path":"/var/www/html/data/KOR_HERE_17Q1/components/junction_view",
                "component_pretty_size":"13.46 GB",
                "name":"junction_view",
                "size":14453565910
            }
        ],
        "size":29387124720
    },
    {
        "name":"KOR_HERE_17Q2",
        "vendor_pretty_size":"52.64 MB",
        "region":"KOR",
        "data_path":"/var/www/html/data/KOR_HERE_17Q2",
        "version":"17Q2",
        "component_list":[
            {
                "path":"/var/www/html/data/KOR_HERE_17Q2/__rdf",
                "component_pretty_size":"52.64 MB",
                "name":"rdf",
                "size":55196459
            }
        ],
        "size":55196459
    },
    {
        "name":"KOR_HERE_17Q3",
        "vendor_pretty_size":"30.05 GB",
        "region":"KOR",
        "data_path":"/var/www/html/data/KOR_HERE_17Q3",
        "version":"17Q3",
        "component_list":[
            {
                "path":"/var/www/html/data/KOR_HERE_17Q3/components/TOLL_COST",
                "component_pretty_size":"5.61 MB",
                "name":"toll_cost",
                "size":5881024
            },
            {
                "path":"/var/www/html/data/KOR_HERE_17Q3/components/NEW_ADDRESS",
                "component_pretty_size":"1.45 GB",
                "name":"new_address",
                "size":1561745484
            },
            {
                "path":"/var/www/html/data/KOR_HERE_17Q3/components/3dlandmark_vendor",
                "component_pretty_size":"3.93 GB",
                "name":"3D_landmark",
                "size":4218874601
            },
            {
                "path":"/var/www/html/data/KOR_HERE_17Q3/components/speed_camera",
                "component_pretty_size":"0.0 Byte",
                "name":"speed_camera",
                "size":0
            },
            {
                "path":"/var/www/html/data/KOR_HERE_17Q3/__rdf",
                "component_pretty_size":"3.00 GB",
                "name":"rdf",
                "size":3221524414
            },
            {
                "path":"/var/www/html/data/KOR_HERE_17Q3/components/junction_view",
                "component_pretty_size":"21.66 GB",
                "name":"junction_view",
                "size":23257269102
            }
        ],
        "size":32265294625
    },
    {
        "name":"KOR_HERE_17Q4",
        "vendor_pretty_size":"36.15 GB",
        "region":"KOR",
        "data_path":"/var/www/html/data/KOR_HERE_17Q4",
        "version":"17Q4",
        "component_list":[
            {
                "path":"/var/www/html/data/KOR_HERE_17Q4/components/TOLL_COST",
                "component_pretty_size":"6.11 MB",
                "name":"toll_cost",
                "size":6408966
            },
            {
                "path":"/var/www/html/data/KOR_HERE_17Q4/components/NEW_ADDRESS",
                "component_pretty_size":"1.89 GB",
                "name":"new_address",
                "size":2027451287
            },
            {
                "path":"/var/www/html/data/KOR_HERE_17Q4/components/3dlandmark_vendor",
                "component_pretty_size":"8.47 GB",
                "name":"3D_landmark",
                "size":9096017279
            },
            {
                "path":"/var/www/html/data/KOR_HERE_17Q4/components/speed_camera",
                "component_pretty_size":"4.46 MB",
                "name":"speed_camera",
                "size":4675352
            },
            {
                "path":"/var/www/html/data/KOR_HERE_17Q4/__rdf",
                "component_pretty_size":"3.53 GB",
                "name":"rdf",
                "size":3787107279
            },
            {
                "path":"/var/www/html/data/KOR_HERE_17Q4/components/junction_view",
                "component_pretty_size":"22.25 GB",
                "name":"junction_view",
                "size":23889157076
            }
        ],
        "size":38810817239
    }
]