[
    {
        "category":"build_data",
        "vendor":"HERE",
        "name":"Here_16Q2_NA_20170411_GoldenTest",
        "data_type":"CLIENT",
        "region":"NA",
        "data_path":"/var/www/html/ec_latest_builds/DENALI_CLIENT/NA_Here_16Q2/Here_16Q2_NA_20170411_GoldenTest",
        "project":"DENALI",
        "size_pretty":"7.82 GB",
        "version":"16Q2",
        "create_time":"170411",
        "build_type":"DENALI_CLIENT",
        "release_type":"Test",
        "size":8392781390
    },
    {
        "category":"build_data",
        "vendor":"HERE",
        "name":"Here_16Q2_NA_20170505_GoldenTest",
        "data_type":"CLIENT",
        "region":"NA",
        "data_path":"/var/www/html/ec_latest_builds/DENALI_CLIENT/NA_Here_16Q2/Here_16Q2_NA_20170505_GoldenTest",
        "project":"DENALI",
        "size_pretty":"7.78 GB",
        "version":"16Q2",
        "create_time":"170505",
        "build_type":"DENALI_CLIENT",
        "release_type":"Test",
        "size":8355393994
    },
    {
        "category":"build_data",
        "vendor":"NAV2",
        "name":"DENALI_PBF-CN_NT_17Q2-AdaptorG2_UniDB_1.0.0.510339-20170906095811-DEV",
        "data_type":"PBF",
        "region":"CN",
        "data_path":"/var/www/html/ec_latest_builds/DENALI_PBF/CN_NT_17Q2/DENALI_PBF-CN_NT_17Q2-AdaptorG2_UniDB_1.0.0.510339-20170906095811-DEV",
        "project":"DENALI",
        "size_pretty":"18.92 GB",
        "version":"17Q2",
        "create_time":"20170906095811",
        "build_type":"DENALI_PBF",
        "release_type":"DEV",
        "size":20318794099
    },
    {
        "category":"build_data",
        "vendor":"NAV2",
        "name":"DENALI_PBF-CN_NT_17Q2-AdaptorG2_UniDB_1.0.0.527828-20180131160818-TEST",
        "data_type":"PBF",
        "region":"CN",
        "data_path":"/var/www/html/ec_latest_builds/DENALI_PBF/CN_NT_17Q2/DENALI_PBF-CN_NT_17Q2-AdaptorG2_UniDB_1.0.0.527828-20180131160818-TEST",
        "project":"DENALI",
        "size_pretty":"25.94 GB",
        "version":"17Q2",
        "create_time":"20180131160818",
        "build_type":"DENALI_PBF",
        "release_type":"TEST",
        "size":27848196135
    },
    {
        "category":"build_data",
        "vendor":"NAV2",
        "name":"DENALI_PBF-CN_NT_17Q2-AdaptorG2_UniDB_1.0.0.527828-20180201091009-TEST",
        "data_type":"PBF",
        "region":"CN",
        "data_path":"/var/www/html/ec_latest_builds/DENALI_PBF/CN_NT_17Q2/DENALI_PBF-CN_NT_17Q2-AdaptorG2_UniDB_1.0.0.527828-20180201091009-TEST",
        "project":"DENALI",
        "size_pretty":"26.09 GB",
        "version":"17Q2",
        "create_time":"20180201091009",
        "build_type":"DENALI_PBF",
        "release_type":"TEST",
        "size":28012052883
    },
    {
        "category":"build_data",
        "vendor":"NAV2",
        "name":"DENALI_PBF-CN_NT_17Q2_Level0-AdaptorG2_UniDB_1.0.0.524754-20171221172941-TEST",
        "data_type":"PBF",
        "region":"CN_Level0",
        "data_path":"/var/www/html/ec_latest_builds/DENALI_PBF/CN_NT_17Q2_Level0/DENALI_PBF-CN_NT_17Q2_Level0-AdaptorG2_UniDB_1.0.0.524754-20171221172941-TEST",
        "project":"DENALI",
        "size_pretty":"6.42 MB",
        "version":"17Q2",
        "create_time":"20171221172941",
        "build_type":"DENALI_PBF",
        "release_type":"TEST",
        "size":6731854
    },
    {
        "category":"build_data",
        "vendor":"NAV2",
        "name":"DENALI_PBF-CN_NT_17Q2_Level0-AdaptorG2_UniDB_1.0.0.524754-20171221173521-TEST",
        "data_type":"PBF",
        "region":"CN_Level0",
        "data_path":"/var/www/html/ec_latest_builds/DENALI_PBF/CN_NT_17Q2_Level0/DENALI_PBF-CN_NT_17Q2_Level0-AdaptorG2_UniDB_1.0.0.524754-20171221173521-TEST",
        "project":"DENALI",
        "size_pretty":"6.42 MB",
        "version":"17Q2",
        "create_time":"20171221173521",
        "build_type":"DENALI_PBF",
        "release_type":"TEST",
        "size":6731854
    },
    {
        "category":"build_data",
        "vendor":"NAV2",
        "name":"DENALI_PBF-CN_NT_17Q2_Level0-AdaptorG2_UniDB_1.0.0.524493-20171221175037-TEST",
        "data_type":"PBF",
        "region":"CN_Level0",
        "data_path":"/var/www/html/ec_latest_builds/DENALI_PBF/CN_NT_17Q2_Level0/DENALI_PBF-CN_NT_17Q2_Level0-AdaptorG2_UniDB_1.0.0.524493-20171221175037-TEST",
        "project":"DENALI",
        "size_pretty":"7.17 MB",
        "version":"17Q2",
        "create_time":"20171221175037",
        "build_type":"DENALI_PBF",
        "release_type":"TEST",
        "size":7515719
    },
    {
        "category":"build_data",
        "vendor":"NAV2",
        "name":"DENALI_PBF-CN_NT_17Q2_Level0-AdaptorG2_UniDB_1.0.0.524493-20171221175842-TEST",
        "data_type":"PBF",
        "region":"CN_Level0",
        "data_path":"/var/www/html/ec_latest_builds/DENALI_PBF/CN_NT_17Q2_Level0/DENALI_PBF-CN_NT_17Q2_Level0-AdaptorG2_UniDB_1.0.0.524493-20171221175842-TEST",
        "project":"DENALI",
        "size_pretty":"8.17 MB",
        "version":"17Q2",
        "create_time":"20171221175842",
        "build_type":"DENALI_PBF",
        "release_type":"TEST",
        "size":8569630
    },
    {
        "category":"build_data",
        "vendor":"NAV2",
        "name":"DENALI_PBF-CN_NT_17Q2_Level0-AdaptorG2_UniDB_1.0.0.524493-20171222092013-TEST",
        "data_type":"PBF",
        "region":"CN_Level0",
        "data_path":"/var/www/html/ec_latest_builds/DENALI_PBF/CN_NT_17Q2_Level0/DENALI_PBF-CN_NT_17Q2_Level0-AdaptorG2_UniDB_1.0.0.524493-20171222092013-TEST",
        "project":"DENALI",
        "size_pretty":"8.17 MB",
        "version":"17Q2",
        "create_time":"20171222092013",
        "build_type":"DENALI_PBF",
        "release_type":"TEST",
        "size":8569624
    },
    {
        "category":"build_data",
        "vendor":"NAV2",
        "name":"DENALI_PBF-CN_NT_17Q2_Level0-AdaptorG2_UniDB_1.0.0.524493-20171222094214-TEST",
        "data_type":"PBF",
        "region":"CN_Level0",
        "data_path":"/var/www/html/ec_latest_builds/DENALI_PBF/CN_NT_17Q2_Level0/DENALI_PBF-CN_NT_17Q2_Level0-AdaptorG2_UniDB_1.0.0.524493-20171222094214-TEST",
        "project":"DENALI",
        "size_pretty":"8.17 MB",
        "version":"17Q2",
        "create_time":"20171222094214",
        "build_type":"DENALI_PBF",
        "release_type":"TEST",
        "size":8569626
    },
    {
        "category":"build_data",
        "vendor":"NAV2",
        "name":"DENALI_PBF-CN_NT_17Q2_Level0-AdaptorG2_UniDB_1.0.0.524493-20171222095837-TEST",
        "data_type":"PBF",
        "region":"CN_Level0",
        "data_path":"/var/www/html/ec_latest_builds/DENALI_PBF/CN_NT_17Q2_Level0/DENALI_PBF-CN_NT_17Q2_Level0-AdaptorG2_UniDB_1.0.0.524493-20171222095837-TEST",
        "project":"DENALI",
        "size_pretty":"8.17 MB",
        "version":"17Q2",
        "create_time":"20171222095837",
        "build_type":"DENALI_PBF",
        "release_type":"TEST",
        "size":8569632
    },
    {
        "category":"build_data",
        "vendor":"NAV2",
        "name":"DENALI_PBF-CN_NT_17Q2_Level0-AdaptorG2_UniDB_1.0.0.524493-20171222101620-TEST",
        "data_type":"PBF",
        "region":"CN_Level0",
        "data_path":"/var/www/html/ec_latest_builds/DENALI_PBF/CN_NT_17Q2_Level0/DENALI_PBF-CN_NT_17Q2_Level0-AdaptorG2_UniDB_1.0.0.524493-20171222101620-TEST",
        "project":"DENALI",
        "size_pretty":"8.57 MB",
        "version":"17Q2",
        "create_time":"20171222101620",
        "build_type":"DENALI_PBF",
        "release_type":"TEST",
        "size":8991295
    },
    {
        "category":"build_data",
        "vendor":"NAV2",
        "name":"DENALI_PBF-CN_NT_17Q2_Level0-AdaptorG2_UniDB_1.0.0.524493-20171222102711-TEST",
        "data_type":"PBF",
        "region":"CN_Level0",
        "data_path":"/var/www/html/ec_latest_builds/DENALI_PBF/CN_NT_17Q2_Level0/DENALI_PBF-CN_NT_17Q2_Level0-AdaptorG2_UniDB_1.0.0.524493-20171222102711-TEST",
        "project":"DENALI",
        "size_pretty":"8.17 MB",
        "version":"17Q2",
        "create_time":"20171222102711",
        "build_type":"DENALI_PBF",
        "release_type":"TEST",
        "size":8569652
    },
    {
        "category":"build_data",
        "vendor":"NAV2",
        "name":"DENALI_PBF-CN_NT_17Q2_Level0-AdaptorG2_UniDB_1.0.0.524493-20171222104627-TEST",
        "data_type":"PBF",
        "region":"CN_Level0",
        "data_path":"/var/www/html/ec_latest_builds/DENALI_PBF/CN_NT_17Q2_Level0/DENALI_PBF-CN_NT_17Q2_Level0-AdaptorG2_UniDB_1.0.0.524493-20171222104627-TEST",
        "project":"DENALI",
        "size_pretty":"8.17 MB",
        "version":"17Q2",
        "create_time":"20171222104627",
        "build_type":"DENALI_PBF",
        "release_type":"TEST",
        "size":8569639
    },
    {
        "category":"build_data",
        "vendor":"NAV2",
        "name":"DENALI_PBF-CN_NT_17Q2_Level0-AdaptorG2_UniDB_1.0.0.524493-20171222151258-TEST",
        "data_type":"PBF",
        "region":"CN_Level0",
        "data_path":"/var/www/html/ec_latest_builds/DENALI_PBF/CN_NT_17Q2_Level0/DENALI_PBF-CN_NT_17Q2_Level0-AdaptorG2_UniDB_1.0.0.524493-20171222151258-TEST",
        "project":"DENALI",
        "size_pretty":"8.17 MB",
        "version":"17Q2",
        "create_time":"20171222151258",
        "build_type":"DENALI_PBF",
        "release_type":"TEST",
        "size":8569621
    },
    {
        "category":"build_data",
        "vendor":"NAV2",
        "name":"DENALI_PBF-CN_NT_17Q2_Level0-AdaptorG2_UniDB_1.0.0.524493-20180103180436-TEST",
        "data_type":"PBF",
        "region":"CN_Level0",
        "data_path":"/var/www/html/ec_latest_builds/DENALI_PBF/CN_NT_17Q2_Level0/DENALI_PBF-CN_NT_17Q2_Level0-AdaptorG2_UniDB_1.0.0.524493-20180103180436-TEST",
        "project":"DENALI",
        "size_pretty":"1.78 KB",
        "version":"17Q2",
        "create_time":"20180103180436",
        "build_type":"DENALI_PBF",
        "release_type":"TEST",
        "size":1820
    },
    {
        "category":"build_data",
        "vendor":"NAV2",
        "name":"DENALI_PBF-CN_NT_17Q2_Level0-AdaptorG2_UniDB_1.0.0.524493-20180103182022-TEST",
        "data_type":"PBF",
        "region":"CN_Level0",
        "data_path":"/var/www/html/ec_latest_builds/DENALI_PBF/CN_NT_17Q2_Level0/DENALI_PBF-CN_NT_17Q2_Level0-AdaptorG2_UniDB_1.0.0.524493-20180103182022-TEST",
        "project":"DENALI",
        "size_pretty":"6.43 MB",
        "version":"17Q2",
        "create_time":"20180103182022",
        "build_type":"DENALI_PBF",
        "release_type":"TEST",
        "size":6745998
    },
    {
        "category":"build_data",
        "vendor":"NAV2",
        "name":"DENALI_PBF-CN_NT_17Q2_Level0-AdaptorG2_UniDB_1.0.0.524493-20180104094228-TEST",
        "data_type":"PBF",
        "region":"CN_Level0",
        "data_path":"/var/www/html/ec_latest_builds/DENALI_PBF/CN_NT_17Q2_Level0/DENALI_PBF-CN_NT_17Q2_Level0-AdaptorG2_UniDB_1.0.0.524493-20180104094228-TEST",
        "project":"DENALI",
        "size_pretty":"29.31 MB",
        "version":"17Q2",
        "create_time":"20180104094228",
        "build_type":"DENALI_PBF",
        "release_type":"TEST",
        "size":30732241
    },
    {
        "category":"build_data",
        "vendor":"NAV2",
        "name":"DENALI_PBF-CN_NT_17Q2_Level0-AdaptorG2_UniDB_1.0.0.524493-20180104105831-TEST",
        "data_type":"PBF",
        "region":"CN_Level0",
        "data_path":"/var/www/html/ec_latest_builds/DENALI_PBF/CN_NT_17Q2_Level0/DENALI_PBF-CN_NT_17Q2_Level0-AdaptorG2_UniDB_1.0.0.524493-20180104105831-TEST",
        "project":"DENALI",
        "size_pretty":"29.02 MB",
        "version":"17Q2",
        "create_time":"20180104105831",
        "build_type":"DENALI_PBF",
        "release_type":"TEST",
        "size":30430562
    },
    {
        "category":"build_data",
        "vendor":"NAV2",
        "name":"DENALI_PBF-CN_NT_17Q2_Level0-AdaptorG2_UniDB_1.0.0.524493-20180104111449-TEST",
        "data_type":"PBF",
        "region":"CN_Level0",
        "data_path":"/var/www/html/ec_latest_builds/DENALI_PBF/CN_NT_17Q2_Level0/DENALI_PBF-CN_NT_17Q2_Level0-AdaptorG2_UniDB_1.0.0.524493-20180104111449-TEST",
        "project":"DENALI",
        "size_pretty":"29.31 MB",
        "version":"17Q2",
        "create_time":"20180104111449",
        "build_type":"DENALI_PBF",
        "release_type":"TEST",
        "size":30732256
    },
    {
        "category":"build_data",
        "vendor":"NAV2",
        "name":"DENALI_PBF-CN_NT_17Q2_Level0-AdaptorG2_UniDB_1.0.0.524493-20180104142952-TEST",
        "data_type":"PBF",
        "region":"CN_Level0",
        "data_path":"/var/www/html/ec_latest_builds/DENALI_PBF/CN_NT_17Q2_Level0/DENALI_PBF-CN_NT_17Q2_Level0-AdaptorG2_UniDB_1.0.0.524493-20180104142952-TEST",
        "project":"DENALI",
        "size_pretty":"29.31 MB",
        "version":"17Q2",
        "create_time":"20180104142952",
        "build_type":"DENALI_PBF",
        "release_type":"TEST",
        "size":30734302
    },
    {
        "category":"build_data",
        "vendor":"NAV2",
        "name":"DENALI_PBF-CN_NT_17Q2_Level0-AdaptorG2_UniDB_1.0.0.524493-20180107222932-TEST",
        "data_type":"PBF",
        "region":"CN_Level0",
        "data_path":"/var/www/html/ec_latest_builds/DENALI_PBF/CN_NT_17Q2_Level0/DENALI_PBF-CN_NT_17Q2_Level0-AdaptorG2_UniDB_1.0.0.524493-20180107222932-TEST",
        "project":"DENALI",
        "size_pretty":"30.01 MB",
        "version":"17Q2",
        "create_time":"20180107222932",
        "build_type":"DENALI_PBF",
        "release_type":"TEST",
        "size":31472471
    },
    {
        "category":"build_data",
        "vendor":"NAV2",
        "name":"DENALI_PBF-CN_NT_17Q2_Level0-AdaptorG2_UniDB_1.0.0.527828-20180130215012-TEST",
        "data_type":"PBF",
        "region":"CN_Level0",
        "data_path":"/var/www/html/ec_latest_builds/DENALI_PBF/CN_NT_17Q2_Level0/DENALI_PBF-CN_NT_17Q2_Level0-AdaptorG2_UniDB_1.0.0.527828-20180130215012-TEST",
        "project":"DENALI",
        "size_pretty":"30.08 MB",
        "version":"17Q2",
        "create_time":"20180130215012",
        "build_type":"DENALI_PBF",
        "release_type":"TEST",
        "size":31544532
    },
    {
        "category":"build_data",
        "vendor":"AUTONAVI",
        "name":"DENALI_NGX-CN_AXF_16Q2-TnMapDataAccess_manual_20170122-20170125184445-RC_data.tar.gz",
        "data_type":"TRAFFIC_NGX",
        "region":"CN",
        "data_path":"/var/www/html/ec_latest_builds/DENALI_TRAFFIC_NGX/CN_AUTONAVI_16Q2_NGX/DENALI_NGX-CN_AXF_16Q2-TnMapDataAccess_manual_20170122-20170125184445-RC_data.tar.gz",
        "project":"DENALI",
        "size_pretty":"0.0 Byte",
        "version":"16Q2",
        "create_time":"20170125184445",
        "build_type":"DENALI_TRAFFIC_NGX",
        "release_type":"RC",
        "size":0
    },
    {
        "category":"build_data",
        "vendor":"AUTONAVI",
        "name":"DENALI_NGX-CN_AXF_16Q2-TnMapDataAccess_manual_20170122-20170125184445-RC_data_test.tar.gz",
        "data_type":"TRAFFIC_NGX",
        "region":"CN",
        "data_path":"/var/www/html/ec_latest_builds/DENALI_TRAFFIC_NGX/CN_AUTONAVI_16Q2_NGX/DENALI_NGX-CN_AXF_16Q2-TnMapDataAccess_manual_20170122-20170125184445-RC_data_test.tar.gz",
        "project":"DENALI",
        "size_pretty":"0.0 Byte",
        "version":"16Q2",
        "create_time":"20170125184445",
        "build_type":"DENALI_TRAFFIC_NGX",
        "release_type":"test",
        "size":0
    },
    {
        "category":"build_data",
        "vendor":"NAV2",
        "name":"GEN3_PBF-CN_NT_15Q1-AdaptorG2_UniDB_1.0.0.395722-20150827082919-RC",
        "data_type":"PBF",
        "region":"CN",
        "data_path":"/var/www/html/ec_latest_builds/GEN3_PBF/CN_NT_15Q1/GEN3_PBF-CN_NT_15Q1-AdaptorG2_UniDB_1.0.0.395722-20150827082919-RC",
        "project":"GEN3",
        "size_pretty":"7.69 GB",
        "version":"15Q1",
        "create_time":"20150827082919",
        "build_type":"GEN3_PBF",
        "release_type":"RC",
        "size":8253597785
    },
    {
        "category":"build_data",
        "vendor":"NAV2",
        "name":"GEN3_PBF-CN_NT_15Q1-AdaptorG2_UniDB_1.0.0.394136-20150820101708-RC",
        "data_type":"PBF",
        "region":"CN",
        "data_path":"/var/www/html/ec_latest_builds/GEN3_PBF/CN_NT_15Q1/GEN3_PBF-CN_NT_15Q1-AdaptorG2_UniDB_1.0.0.394136-20150820101708-RC",
        "project":"GEN3",
        "size_pretty":"7.72 GB",
        "version":"15Q1",
        "create_time":"20150820101708",
        "build_type":"GEN3_PBF",
        "release_type":"RC",
        "size":8287139947
    },
    {
        "category":"build_data",
        "vendor":"NAV2",
        "name":"GEN3_PBF-CN_NT_15Q1-AdaptorG2_UniDB_1.0.0.401669-20150923221014-RC",
        "data_type":"PBF",
        "region":"CN",
        "data_path":"/var/www/html/ec_latest_builds/GEN3_PBF/CN_NT_15Q1/GEN3_PBF-CN_NT_15Q1-AdaptorG2_UniDB_1.0.0.401669-20150923221014-RC",
        "project":"GEN3",
        "size_pretty":"8.04 GB",
        "version":"15Q1",
        "create_time":"20150923221014",
        "build_type":"GEN3_PBF",
        "release_type":"RC",
        "size":8637577180
    },
    {
        "category":"build_data",
        "vendor":"NAV2",
        "name":"GEN3_PBF-CN_NT_15Q1-AdaptorG2_UniDB_1.0.0.392902-20150812180624-RC",
        "data_type":"PBF",
        "region":"CN",
        "data_path":"/var/www/html/ec_latest_builds/GEN3_PBF/CN_NT_15Q1/GEN3_PBF-CN_NT_15Q1-AdaptorG2_UniDB_1.0.0.392902-20150812180624-RC",
        "project":"GEN3",
        "size_pretty":"7.72 GB",
        "version":"15Q1",
        "create_time":"20150812180624",
        "build_type":"GEN3_PBF",
        "release_type":"RC",
        "size":8287139081
    },
    {
        "category":"build_data",
        "vendor":"NAV2",
        "name":"GEN3_PBF-CN_NT_15Q1-AdaptorG2_UniDB_1.0.0.399984-20150916171454-RC",
        "data_type":"PBF",
        "region":"CN",
        "data_path":"/var/www/html/ec_latest_builds/GEN3_PBF/CN_NT_15Q1/GEN3_PBF-CN_NT_15Q1-AdaptorG2_UniDB_1.0.0.399984-20150916171454-RC",
        "project":"GEN3",
        "size_pretty":"7.73 GB",
        "version":"15Q1",
        "create_time":"20150916171454",
        "build_type":"GEN3_PBF",
        "release_type":"RC",
        "size":8300754822
    },
    {
        "category":"build_data",
        "vendor":"NAV2",
        "name":"GEN3_PBF-CN_NT_15Q1-AdaptorG2_UniDB_1.0.0.406447-20151019222452-RC",
        "data_type":"PBF",
        "region":"CN",
        "data_path":"/var/www/html/ec_latest_builds/GEN3_PBF/CN_NT_15Q1/GEN3_PBF-CN_NT_15Q1-AdaptorG2_UniDB_1.0.0.406447-20151019222452-RC",
        "project":"GEN3",
        "size_pretty":"4.41 GB",
        "version":"15Q1",
        "create_time":"20151019222452",
        "build_type":"GEN3_PBF",
        "release_type":"RC",
        "size":4736466609
    },
    {
        "category":"build_data",
        "vendor":"NAV2",
        "name":"GEN3_PBF-CN_NT_15Q1-AdaptorG2_UniDB_1.0.0.399879-20150915173705-RC",
        "data_type":"PBF",
        "region":"CN",
        "data_path":"/var/www/html/ec_latest_builds/GEN3_PBF/CN_NT_15Q1/GEN3_PBF-CN_NT_15Q1-AdaptorG2_UniDB_1.0.0.399879-20150915173705-RC",
        "project":"GEN3",
        "size_pretty":"7.73 GB",
        "version":"15Q1",
        "create_time":"20150915173705",
        "build_type":"GEN3_PBF",
        "release_type":"RC",
        "size":8300753880
    },
    {
        "category":"build_data",
        "vendor":"NAV2",
        "name":"GEN3_PBF-CN_NT_15Q1-AdaptorG2_UniDB_1.0.0.401613-20150923142725-RC",
        "data_type":"PBF",
        "region":"CN",
        "data_path":"/var/www/html/ec_latest_builds/GEN3_PBF/CN_NT_15Q1/GEN3_PBF-CN_NT_15Q1-AdaptorG2_UniDB_1.0.0.401613-20150923142725-RC",
        "project":"GEN3",
        "size_pretty":"7.99 GB",
        "version":"15Q1",
        "create_time":"20150923142725",
        "build_type":"GEN3_PBF",
        "release_type":"RC",
        "size":8578596975
    },
    {
        "category":"build_data",
        "vendor":"NAV2",
        "name":"GEN3_PBF-CN_NT_15Q1-AdaptorG2_UniDB_1.0.0.407718-20151026191554-RC",
        "data_type":"PBF",
        "region":"CN",
        "data_path":"/var/www/html/ec_latest_builds/GEN3_PBF/CN_NT_15Q1/GEN3_PBF-CN_NT_15Q1-AdaptorG2_UniDB_1.0.0.407718-20151026191554-RC",
        "project":"GEN3",
        "size_pretty":"8.06 GB",
        "version":"15Q1",
        "create_time":"20151026191554",
        "build_type":"GEN3_PBF",
        "release_type":"RC",
        "size":8658546075
    },
    {
        "category":"build_data",
        "vendor":"NAV2",
        "name":"GEN3_PBF-CN_NT_15Q1-AdaptorG2_UniDB_1.0.0.391762-20150807020026-RC",
        "data_type":"PBF",
        "region":"CN",
        "data_path":"/var/www/html/ec_latest_builds/GEN3_PBF/CN_NT_15Q1/GEN3_PBF-CN_NT_15Q1-AdaptorG2_UniDB_1.0.0.391762-20150807020026-RC",
        "project":"GEN3",
        "size_pretty":"7.72 GB",
        "version":"15Q1",
        "create_time":"20150807020026",
        "build_type":"GEN3_PBF",
        "release_type":"RC",
        "size":8287138710
    },
    {
        "category":"build_data",
        "vendor":"NAV2",
        "name":"GEN3_PBF-CN_NT_15Q1-AdaptorG2_UniDB_1.0.0.406447-20151020123812-RC",
        "data_type":"PBF",
        "region":"CN",
        "data_path":"/var/www/html/ec_latest_builds/GEN3_PBF/CN_NT_15Q1/GEN3_PBF-CN_NT_15Q1-AdaptorG2_UniDB_1.0.0.406447-20151020123812-RC",
        "project":"GEN3",
        "size_pretty":"8.06 GB",
        "version":"15Q1",
        "create_time":"20151020123812",
        "build_type":"GEN3_PBF",
        "release_type":"RC",
        "size":8658620682
    },
    {
        "category":"build_data",
        "vendor":"NAV2",
        "name":"GEN3_PBF-CN_NT_15Q1-AdaptorG2_UniDB_1.0.0.388179-20150717140125-RC",
        "data_type":"PBF",
        "region":"CN",
        "data_path":"/var/www/html/ec_latest_builds/GEN3_PBF/CN_NT_15Q1/GEN3_PBF-CN_NT_15Q1-AdaptorG2_UniDB_1.0.0.388179-20150717140125-RC",
        "project":"GEN3",
        "size_pretty":"7.64 GB",
        "version":"15Q1",
        "create_time":"20150717140125",
        "build_type":"GEN3_PBF",
        "release_type":"RC",
        "size":8204666954
    },
    {
        "category":"build_data",
        "vendor":"NAV2",
        "name":"GEN3_PBF-CN_NT_15Q1_Level0-AdaptorG2_UniDB_0.0.0.406447-20151020123630-TEST",
        "data_type":"PBF",
        "region":"CN_Level0",
        "data_path":"/var/www/html/ec_latest_builds/GEN3_PBF/CN_NT_15Q1_Level0/GEN3_PBF-CN_NT_15Q1_Level0-AdaptorG2_UniDB_0.0.0.406447-20151020123630-TEST",
        "project":"GEN3",
        "size_pretty":"10.22 MB",
        "version":"15Q1",
        "create_time":"20151020123630",
        "build_type":"GEN3_PBF",
        "release_type":"TEST",
        "size":10716980
    },
    {
        "category":"build_data",
        "vendor":"NAV2",
        "name":"GEN3_PBF-CN_NT_15Q1_Level0-AdaptorG2_UniDB_0.0.0.406447-20151020140027-TEST",
        "data_type":"PBF",
        "region":"CN_Level0",
        "data_path":"/var/www/html/ec_latest_builds/GEN3_PBF/CN_NT_15Q1_Level0/GEN3_PBF-CN_NT_15Q1_Level0-AdaptorG2_UniDB_0.0.0.406447-20151020140027-TEST",
        "project":"GEN3",
        "size_pretty":"9.10 MB",
        "version":"15Q1",
        "create_time":"20151020140027",
        "build_type":"GEN3_PBF",
        "release_type":"TEST",
        "size":9543752
    },
    {
        "category":"build_data",
        "vendor":"NAV2",
        "name":"GEN3_PBF-CN_NT_15Q1_Level0-AdaptorG2_UniDB_0.0.0.406447-20151020143519-TEST",
        "data_type":"PBF",
        "region":"CN_Level0",
        "data_path":"/var/www/html/ec_latest_builds/GEN3_PBF/CN_NT_15Q1_Level0/GEN3_PBF-CN_NT_15Q1_Level0-AdaptorG2_UniDB_0.0.0.406447-20151020143519-TEST",
        "project":"GEN3",
        "size_pretty":"9.10 MB",
        "version":"15Q1",
        "create_time":"20151020143519",
        "build_type":"GEN3_PBF",
        "release_type":"TEST",
        "size":9543757
    },
    {
        "category":"build_data",
        "vendor":"NAV2",
        "name":"GEN3_PBF-CN_NT_15Q1_Level0-AdaptorG2_UniDB_0.0.0.406447-20151020150736-TEST",
        "data_type":"PBF",
        "region":"CN_Level0",
        "data_path":"/var/www/html/ec_latest_builds/GEN3_PBF/CN_NT_15Q1_Level0/GEN3_PBF-CN_NT_15Q1_Level0-AdaptorG2_UniDB_0.0.0.406447-20151020150736-TEST",
        "project":"GEN3",
        "size_pretty":"8.61 MB",
        "version":"15Q1",
        "create_time":"20151020150736",
        "build_type":"GEN3_PBF",
        "release_type":"TEST",
        "size":9024788
    },
    {
        "category":"build_data",
        "vendor":"NAV2",
        "name":"GEN3_PBF-CN_NT_15Q1_Level0-AdaptorG2_UniDB_0.0.0.406447-20151020170100-TEST",
        "data_type":"PBF",
        "region":"CN_Level0",
        "data_path":"/var/www/html/ec_latest_builds/GEN3_PBF/CN_NT_15Q1_Level0/GEN3_PBF-CN_NT_15Q1_Level0-AdaptorG2_UniDB_0.0.0.406447-20151020170100-TEST",
        "project":"GEN3",
        "size_pretty":"8.27 MB",
        "version":"15Q1",
        "create_time":"20151020170100",
        "build_type":"GEN3_PBF",
        "release_type":"TEST",
        "size":8675282
    },
    {
        "category":"build_data",
        "vendor":"NAV2",
        "name":"GEN3_PBF-CN_NT_15Q1_Level0-AdaptorG2_UniDB_0.0.0.406447-20151021110332-TEST",
        "data_type":"PBF",
        "region":"CN_Level0",
        "data_path":"/var/www/html/ec_latest_builds/GEN3_PBF/CN_NT_15Q1_Level0/GEN3_PBF-CN_NT_15Q1_Level0-AdaptorG2_UniDB_0.0.0.406447-20151021110332-TEST",
        "project":"GEN3",
        "size_pretty":"7.67 MB",
        "version":"15Q1",
        "create_time":"20151021110332",
        "build_type":"GEN3_PBF",
        "release_type":"TEST",
        "size":8043498
    },
    {
        "category":"build_data",
        "vendor":"NAV2",
        "name":"GEN3_PBF-CN_NT_15Q1_Level0-AdaptorG2_UniDB_0.0.0.406447-20151022082336-RC",
        "data_type":"PBF",
        "region":"CN_Level0",
        "data_path":"/var/www/html/ec_latest_builds/GEN3_PBF/CN_NT_15Q1_Level0/GEN3_PBF-CN_NT_15Q1_Level0-AdaptorG2_UniDB_0.0.0.406447-20151022082336-RC",
        "project":"GEN3",
        "size_pretty":"7.67 MB",
        "version":"15Q1",
        "create_time":"20151022082336",
        "build_type":"GEN3_PBF",
        "release_type":"RC",
        "size":8043134
    },
    {
        "category":"build_data",
        "vendor":"NAV2",
        "name":"GEN3_PBF-CN_NT_15Q1_Level0-AdaptorG2_UniDB_1.0.0.386831-20150707180741-DEV",
        "data_type":"PBF",
        "region":"CN_Level0",
        "data_path":"/var/www/html/ec_latest_builds/GEN3_PBF/CN_NT_15Q1_Level0/GEN3_PBF-CN_NT_15Q1_Level0-AdaptorG2_UniDB_1.0.0.386831-20150707180741-DEV",
        "project":"GEN3",
        "size_pretty":"7.92 MB",
        "version":"15Q1",
        "create_time":"20150707180741",
        "build_type":"GEN3_PBF",
        "release_type":"DEV",
        "size":8308430
    },
    {
        "category":"build_data",
        "vendor":"NAV2",
        "name":"GEN3_PBF-CN_NT_15Q1_Level0-AdaptorG2_UniDB_1.0.0.389545-20150723193111-DEV",
        "data_type":"PBF",
        "region":"CN_Level0",
        "data_path":"/var/www/html/ec_latest_builds/GEN3_PBF/CN_NT_15Q1_Level0/GEN3_PBF-CN_NT_15Q1_Level0-AdaptorG2_UniDB_1.0.0.389545-20150723193111-DEV",
        "project":"GEN3",
        "size_pretty":"7.93 MB",
        "version":"15Q1",
        "create_time":"20150723193111",
        "build_type":"GEN3_PBF",
        "release_type":"DEV",
        "size":8312707
    },
    {
        "category":"build_data",
        "vendor":"NAV2",
        "name":"GEN3_PBF-CN_NT_15Q1_Level0-AdaptorG2_UniDB_1.0.0.405562-20151014223653-TEST",
        "data_type":"PBF",
        "region":"CN_Level0",
        "data_path":"/var/www/html/ec_latest_builds/GEN3_PBF/CN_NT_15Q1_Level0/GEN3_PBF-CN_NT_15Q1_Level0-AdaptorG2_UniDB_1.0.0.405562-20151014223653-TEST",
        "project":"GEN3",
        "size_pretty":"9.37 MB",
        "version":"15Q1",
        "create_time":"20151014223653",
        "build_type":"GEN3_PBF",
        "release_type":"TEST",
        "size":9824425
    },
    {
        "category":"build_data",
        "vendor":"NAV2",
        "name":"GEN3_PBF-CN_NT_15Q1_Level0-AdaptorG2_UniDB_1.0.0.406095-20151019202008-RC",
        "data_type":"PBF",
        "region":"CN_Level0",
        "data_path":"/var/www/html/ec_latest_builds/GEN3_PBF/CN_NT_15Q1_Level0/GEN3_PBF-CN_NT_15Q1_Level0-AdaptorG2_UniDB_1.0.0.406095-20151019202008-RC",
        "project":"GEN3",
        "size_pretty":"8.39 MB",
        "version":"15Q1",
        "create_time":"20151019202008",
        "build_type":"GEN3_PBF",
        "release_type":"RC",
        "size":8801429
    },
    {
        "category":"build_data",
        "vendor":"NAV2",
        "name":"GEN3_PBF-CN_NT_15Q1_Level0-AdaptorG2_UniDB_1.0.0.406369-20151019141929-DEV",
        "data_type":"PBF",
        "region":"CN_Level0",
        "data_path":"/var/www/html/ec_latest_builds/GEN3_PBF/CN_NT_15Q1_Level0/GEN3_PBF-CN_NT_15Q1_Level0-AdaptorG2_UniDB_1.0.0.406369-20151019141929-DEV",
        "project":"GEN3",
        "size_pretty":"2.06 KB",
        "version":"15Q1",
        "create_time":"20151019141929",
        "build_type":"GEN3_PBF",
        "release_type":"DEV",
        "size":2113
    },
    {
        "category":"build_data",
        "vendor":"NAV2",
        "name":"GEN3_PBF-CN_NT_15Q1_Level0-AdaptorG2_UniDB_1.0.0.406369-20151019143245-RC",
        "data_type":"PBF",
        "region":"CN_Level0",
        "data_path":"/var/www/html/ec_latest_builds/GEN3_PBF/CN_NT_15Q1_Level0/GEN3_PBF-CN_NT_15Q1_Level0-AdaptorG2_UniDB_1.0.0.406369-20151019143245-RC",
        "project":"GEN3",
        "size_pretty":"9.83 MB",
        "version":"15Q1",
        "create_time":"20151019143245",
        "build_type":"GEN3_PBF",
        "release_type":"RC",
        "size":10311489
    },
    {
        "category":"build_data",
        "vendor":"NAV2",
        "name":"GEN3_PBF-CN_NT_15Q1_Level0-AdaptorG2_UniDB_1.0.0.406369-20151019150613-RC",
        "data_type":"PBF",
        "region":"CN_Level0",
        "data_path":"/var/www/html/ec_latest_builds/GEN3_PBF/CN_NT_15Q1_Level0/GEN3_PBF-CN_NT_15Q1_Level0-AdaptorG2_UniDB_1.0.0.406369-20151019150613-RC",
        "project":"GEN3",
        "size_pretty":"9.84 MB",
        "version":"15Q1",
        "create_time":"20151019150613",
        "build_type":"GEN3_PBF",
        "release_type":"RC",
        "size":10313356
    },
    {
        "category":"build_data",
        "vendor":"NAV2",
        "name":"GEN3_PBF-CN_NT_15Q1_Level0-AdaptorG2_UniDB_1.0.0.407718-20151027171959-TEST",
        "data_type":"PBF",
        "region":"CN_Level0",
        "data_path":"/var/www/html/ec_latest_builds/GEN3_PBF/CN_NT_15Q1_Level0/GEN3_PBF-CN_NT_15Q1_Level0-AdaptorG2_UniDB_1.0.0.407718-20151027171959-TEST",
        "project":"GEN3",
        "size_pretty":"8.38 MB",
        "version":"15Q1",
        "create_time":"20151027171959",
        "build_type":"GEN3_PBF",
        "release_type":"TEST",
        "size":8789512
    },
    {
        "category":"build_data",
        "vendor":"NAV2",
        "name":"GEN3_PBF-CN_NT_15Q1_Level0-AdaptorG2_UniDB_1.0.0.407718-20151027173209-TEST",
        "data_type":"PBF",
        "region":"CN_Level0",
        "data_path":"/var/www/html/ec_latest_builds/GEN3_PBF/CN_NT_15Q1_Level0/GEN3_PBF-CN_NT_15Q1_Level0-AdaptorG2_UniDB_1.0.0.407718-20151027173209-TEST",
        "project":"GEN3",
        "size_pretty":"11.96 MB",
        "version":"15Q1",
        "create_time":"20151027173209",
        "build_type":"GEN3_PBF",
        "release_type":"TEST",
        "size":12538129
    },
    {
        "category":"build_data",
        "vendor":"NAV2",
        "name":"GEN3_PBF-CN_NT_15Q3-AdaptorG2_UniDB_1.0.0-gen3.414417-20151204173843-DEV",
        "data_type":"PBF",
        "region":"CN",
        "data_path":"/var/www/html/ec_latest_builds/GEN3_PBF/CN_NT_15Q3/GEN3_PBF-CN_NT_15Q3-AdaptorG2_UniDB_1.0.0-gen3.414417-20151204173843-DEV",
        "project":"GEN3",
        "size_pretty":"8.74 GB",
        "version":"15Q3",
        "create_time":"20151204173843",
        "build_type":"GEN3_PBF",
        "release_type":"DEV",
        "size":9384864523
    },
    {
        "category":"build_data",
        "vendor":"NAV2",
        "name":"GEN3_PBF-CN_NT_15Q3-AdaptorG2_UniDB_1.0.0-gen3.414479-20151208094401-DEV",
        "data_type":"PBF",
        "region":"CN",
        "data_path":"/var/www/html/ec_latest_builds/GEN3_PBF/CN_NT_15Q3/GEN3_PBF-CN_NT_15Q3-AdaptorG2_UniDB_1.0.0-gen3.414479-20151208094401-DEV",
        "project":"GEN3",
        "size_pretty":"8.74 GB",
        "version":"15Q3",
        "create_time":"20151208094401",
        "build_type":"GEN3_PBF",
        "release_type":"DEV",
        "size":9389232641
    },
    {
        "category":"build_data",
        "vendor":"NAV2",
        "name":"GEN3_PBF-CN_NT_15Q3-AdaptorG2_UniDB_1.0.0-gen3.421243-20160122101258-RC",
        "data_type":"PBF",
        "region":"CN",
        "data_path":"/var/www/html/ec_latest_builds/GEN3_PBF/CN_NT_15Q3/GEN3_PBF-CN_NT_15Q3-AdaptorG2_UniDB_1.0.0-gen3.421243-20160122101258-RC",
        "project":"GEN3",
        "size_pretty":"9.39 GB",
        "version":"15Q3",
        "create_time":"20160122101258",
        "build_type":"GEN3_PBF",
        "release_type":"RC",
        "size":10083825996
    },
    {
        "category":"build_data",
        "vendor":"NAV2",
        "name":"GEN3_PBF-CN_NT_15Q3-AdaptorG2_UniDB_1.0.0-gen3.421243-20160401112057-RC",
        "data_type":"PBF",
        "region":"CN",
        "data_path":"/var/www/html/ec_latest_builds/GEN3_PBF/CN_NT_15Q3/GEN3_PBF-CN_NT_15Q3-AdaptorG2_UniDB_1.0.0-gen3.421243-20160401112057-RC",
        "project":"GEN3",
        "size_pretty":"8.81 GB",
        "version":"15Q3",
        "create_time":"20160401112057",
        "build_type":"GEN3_PBF",
        "release_type":"RC",
        "size":9455107690
    },
    {
        "category":"build_data",
        "vendor":"NAV2",
        "name":"GEN3_PBF-CN_NT_15Q3-AdaptorG2_UniDB_1.0.0-gen3.421243-20160411222319-RC",
        "data_type":"PBF",
        "region":"CN",
        "data_path":"/var/www/html/ec_latest_builds/GEN3_PBF/CN_NT_15Q3/GEN3_PBF-CN_NT_15Q3-AdaptorG2_UniDB_1.0.0-gen3.421243-20160411222319-RC",
        "project":"GEN3",
        "size_pretty":"8.81 GB",
        "version":"15Q3",
        "create_time":"20160411222319",
        "build_type":"GEN3_PBF",
        "release_type":"RC",
        "size":9455089051
    },
    {
        "category":"build_data",
        "vendor":"NAV2",
        "name":"GEN3_PBF-CN_NT_15Q3-AdaptorG2_UniDB_1.0.0-gen3.421243-20160317171025-RC",
        "data_type":"PBF",
        "region":"CN",
        "data_path":"/var/www/html/ec_latest_builds/GEN3_PBF/CN_NT_15Q3/GEN3_PBF-CN_NT_15Q3-AdaptorG2_UniDB_1.0.0-gen3.421243-20160317171025-RC",
        "project":"GEN3",
        "size_pretty":"8.81 GB",
        "version":"15Q3",
        "create_time":"20160317171025",
        "build_type":"GEN3_PBF",
        "release_type":"RC",
        "size":9455087269
    },
    {
        "category":"build_data",
        "vendor":"NAV2",
        "name":"GEN3_PBF-CN_NT_15Q3-AdaptorG2_UniDB_1.0.0-gen3.421243-20160503172447-TEST",
        "data_type":"PBF",
        "region":"CN",
        "data_path":"/var/www/html/ec_latest_builds/GEN3_PBF/CN_NT_15Q3/GEN3_PBF-CN_NT_15Q3-AdaptorG2_UniDB_1.0.0-gen3.421243-20160503172447-TEST",
        "project":"GEN3",
        "size_pretty":"703.95 MB",
        "version":"15Q3",
        "create_time":"20160503172447",
        "build_type":"GEN3_PBF",
        "release_type":"TEST",
        "size":738148352
    },
    {
        "category":"build_data",
        "vendor":"NAV2",
        "name":"GEN3_PBF-CN_NT_15Q3_Level0-AdaptorG2_UniDB_1.0.0-gen3.421243-20160122110912-RC",
        "data_type":"PBF",
        "region":"CN_Level0",
        "data_path":"/var/www/html/ec_latest_builds/GEN3_PBF/CN_NT_15Q3_Level0/GEN3_PBF-CN_NT_15Q3_Level0-AdaptorG2_UniDB_1.0.0-gen3.421243-20160122110912-RC",
        "project":"GEN3",
        "size_pretty":"48.67 MB",
        "version":"15Q3",
        "create_time":"20160122110912",
        "build_type":"GEN3_PBF",
        "release_type":"RC",
        "size":51036068
    },
    {
        "category":"build_data",
        "vendor":"NAV2",
        "name":"GEN3_PBF-CN_NT_15Q3_Level0-AdaptorG2_UniDB_1.0.0-gen3.414479-20151204173928-DEV",
        "data_type":"PBF",
        "region":"CN_Level0",
        "data_path":"/var/www/html/ec_latest_builds/GEN3_PBF/CN_NT_15Q3_Level0/GEN3_PBF-CN_NT_15Q3_Level0-AdaptorG2_UniDB_1.0.0-gen3.414479-20151204173928-DEV",
        "project":"GEN3",
        "size_pretty":"7.67 MB",
        "version":"15Q3",
        "create_time":"20151204173928",
        "build_type":"GEN3_PBF",
        "release_type":"DEV",
        "size":8047234
    },
    {
        "category":"build_data",
        "vendor":"NAV2",
        "name":"GEN3_PBF-CN_NT_15Q3_Level0-AdaptorG2_UniDB_1.0.0-gen3.421243-20160122103021-RC",
        "data_type":"PBF",
        "region":"CN_Level0",
        "data_path":"/var/www/html/ec_latest_builds/GEN3_PBF/CN_NT_15Q3_Level0/GEN3_PBF-CN_NT_15Q3_Level0-AdaptorG2_UniDB_1.0.0-gen3.421243-20160122103021-RC",
        "project":"GEN3",
        "size_pretty":"12.31 MB",
        "version":"15Q3",
        "create_time":"20160122103021",
        "build_type":"GEN3_PBF",
        "release_type":"RC",
        "size":12907102
    },
    {
        "category":"build_data",
        "vendor":"NAV2",
        "name":"GEN3_PBF-CN_NT_15Q3_Level0-AdaptorG2_UniDB_1.0.0-gen3.414479-20151207185949-DEV",
        "data_type":"PBF",
        "region":"CN_Level0",
        "data_path":"/var/www/html/ec_latest_builds/GEN3_PBF/CN_NT_15Q3_Level0/GEN3_PBF-CN_NT_15Q3_Level0-AdaptorG2_UniDB_1.0.0-gen3.414479-20151207185949-DEV",
        "project":"GEN3",
        "size_pretty":"13.84 MB",
        "version":"15Q3",
        "create_time":"20151207185949",
        "build_type":"GEN3_PBF",
        "release_type":"DEV",
        "size":14507217
    },
    {
        "category":"build_data",
        "vendor":"NAV2",
        "name":"GEN3_PBF-CN_NT_15Q3_Level0-AdaptorG2_UniDB_1.0.0-gen3.421243-20160122112253-RC",
        "data_type":"PBF",
        "region":"CN_Level0",
        "data_path":"/var/www/html/ec_latest_builds/GEN3_PBF/CN_NT_15Q3_Level0/GEN3_PBF-CN_NT_15Q3_Level0-AdaptorG2_UniDB_1.0.0-gen3.421243-20160122112253-RC",
        "project":"GEN3",
        "size_pretty":"34.44 MB",
        "version":"15Q3",
        "create_time":"20160122112253",
        "build_type":"GEN3_PBF",
        "release_type":"RC",
        "size":36113964
    },
    {
        "category":"build_data",
        "vendor":"NAV2",
        "name":"GEN3_PBF-CN_NT_15Q3_Level0-AdaptorG2_UniDB_1.0.0-gen3.421243-20160122135311-RC",
        "data_type":"PBF",
        "region":"CN_Level0",
        "data_path":"/var/www/html/ec_latest_builds/GEN3_PBF/CN_NT_15Q3_Level0/GEN3_PBF-CN_NT_15Q3_Level0-AdaptorG2_UniDB_1.0.0-gen3.421243-20160122135311-RC",
        "project":"GEN3",
        "size_pretty":"49.97 MB",
        "version":"15Q3",
        "create_time":"20160122135311",
        "build_type":"GEN3_PBF",
        "release_type":"RC",
        "size":52397948
    },
    {
        "category":"build_data",
        "vendor":"NAV2",
        "name":"GEN3_PBF-CN_NT_15Q3_Level0-AdaptorG2_UniDB_1.0.0-gen3.414479-20160104111504-DEV",
        "data_type":"PBF",
        "region":"CN_Level0",
        "data_path":"/var/www/html/ec_latest_builds/GEN3_PBF/CN_NT_15Q3_Level0/GEN3_PBF-CN_NT_15Q3_Level0-AdaptorG2_UniDB_1.0.0-gen3.414479-20160104111504-DEV",
        "project":"GEN3",
        "size_pretty":"58.00 MB",
        "version":"15Q3",
        "create_time":"20160104111504",
        "build_type":"GEN3_PBF",
        "release_type":"DEV",
        "size":60817046
    },
    {
        "category":"build_data",
        "vendor":"NAV2",
        "name":"GEN3_PBF-CN_NT_16Q1-AdaptorG2_UniDB_1.0.0-gen3.432952-20160512130150-RC",
        "data_type":"PBF",
        "region":"CN",
        "data_path":"/var/www/html/ec_latest_builds/GEN3_PBF/CN_NT_16Q1/GEN3_PBF-CN_NT_16Q1-AdaptorG2_UniDB_1.0.0-gen3.432952-20160512130150-RC",
        "project":"GEN3",
        "size_pretty":"9.50 GB",
        "version":"16Q1",
        "create_time":"20160512130150",
        "build_type":"GEN3_PBF",
        "release_type":"RC",
        "size":10202225205
    },
    {
        "category":"build_data",
        "vendor":"NAV2",
        "name":"GEN3_PBF-CN_NT_16Q1-AdaptorG2_UniDB_1.0.0-gen3.421243-20160510144018-RC",
        "data_type":"PBF",
        "region":"CN",
        "data_path":"/var/www/html/ec_latest_builds/GEN3_PBF/CN_NT_16Q1/GEN3_PBF-CN_NT_16Q1-AdaptorG2_UniDB_1.0.0-gen3.421243-20160510144018-RC",
        "project":"GEN3",
        "size_pretty":"9.63 GB",
        "version":"16Q1",
        "create_time":"20160510144018",
        "build_type":"GEN3_PBF",
        "release_type":"RC",
        "size":10343987517
    },
    {
        "category":"build_data",
        "vendor":"NAV2",
        "name":"GEN3_PBF-CN_NT_16Q1-AdaptorG2_UniDB_1.0.0-gen3.442220-20160614162009-RC",
        "data_type":"PBF",
        "region":"CN",
        "data_path":"/var/www/html/ec_latest_builds/GEN3_PBF/CN_NT_16Q1/GEN3_PBF-CN_NT_16Q1-AdaptorG2_UniDB_1.0.0-gen3.442220-20160614162009-RC",
        "project":"GEN3",
        "size_pretty":"9.51 GB",
        "version":"16Q1",
        "create_time":"20160614162009",
        "build_type":"GEN3_PBF",
        "release_type":"RC",
        "size":10216583590
    },
    {
        "category":"build_data",
        "vendor":"NAV2",
        "name":"GEN3_PBF-CN_NT_16Q1-AdaptorG2_UniDB_1.0.0-gen3.442220-20160615175027-RC",
        "data_type":"PBF",
        "region":"CN",
        "data_path":"/var/www/html/ec_latest_builds/GEN3_PBF/CN_NT_16Q1/GEN3_PBF-CN_NT_16Q1-AdaptorG2_UniDB_1.0.0-gen3.442220-20160615175027-RC",
        "project":"GEN3",
        "size_pretty":"9.51 GB",
        "version":"16Q1",
        "create_time":"20160615175027",
        "build_type":"GEN3_PBF",
        "release_type":"RC",
        "size":10216518656
    },
    {
        "category":"build_data",
        "vendor":"NAV2",
        "name":"GEN3_PBF-CN_NT_16Q1-AdaptorG2_UniDB_1.0.0-gen3.444520-20160628172021-RC",
        "data_type":"PBF",
        "region":"CN",
        "data_path":"/var/www/html/ec_latest_builds/GEN3_PBF/CN_NT_16Q1/GEN3_PBF-CN_NT_16Q1-AdaptorG2_UniDB_1.0.0-gen3.444520-20160628172021-RC",
        "project":"GEN3",
        "size_pretty":"9.51 GB",
        "version":"16Q1",
        "create_time":"20160628172021",
        "build_type":"GEN3_PBF",
        "release_type":"RC",
        "size":10216495722
    },
    {
        "category":"build_data",
        "vendor":"NAV2",
        "name":"GEN3_PBF-CN_NT_16Q1-AdaptorG2_UniDB_1.0.0-gen3.444520-20160811100524-RC",
        "data_type":"PBF",
        "region":"CN",
        "data_path":"/var/www/html/ec_latest_builds/GEN3_PBF/CN_NT_16Q1/GEN3_PBF-CN_NT_16Q1-AdaptorG2_UniDB_1.0.0-gen3.444520-20160811100524-RC",
        "project":"GEN3",
        "size_pretty":"9.52 GB",
        "version":"16Q1",
        "create_time":"20160811100524",
        "build_type":"GEN3_PBF",
        "release_type":"RC",
        "size":10218141352
    },
    {
        "category":"build_data",
        "vendor":"NAV2",
        "name":"GEN3_PBF-CN_NT_16Q1_Level0-AdaptorG2_UniDB_1.0.0-gen3.421243-20160504104804-RC",
        "data_type":"PBF",
        "region":"CN_Level0",
        "data_path":"/var/www/html/ec_latest_builds/GEN3_PBF/CN_NT_16Q1_Level0/GEN3_PBF-CN_NT_16Q1_Level0-AdaptorG2_UniDB_1.0.0-gen3.421243-20160504104804-RC",
        "project":"GEN3",
        "size_pretty":"347.47 MB",
        "version":"16Q1",
        "create_time":"20160504104804",
        "build_type":"GEN3_PBF",
        "release_type":"RC",
        "size":364349320
    },
    {
        "category":"build_data",
        "vendor":"NAV2",
        "name":"GEN3_PBF-CN_NT_16Q1_Level0-AdaptorG2_UniDB_1.0.0-gen3.421243-20160504134912-RC",
        "data_type":"PBF",
        "region":"CN_Level0",
        "data_path":"/var/www/html/ec_latest_builds/GEN3_PBF/CN_NT_16Q1_Level0/GEN3_PBF-CN_NT_16Q1_Level0-AdaptorG2_UniDB_1.0.0-gen3.421243-20160504134912-RC",
        "project":"GEN3",
        "size_pretty":"48.67 MB",
        "version":"16Q1",
        "create_time":"20160504134912",
        "build_type":"GEN3_PBF",
        "release_type":"RC",
        "size":51029040
    },
    {
        "category":"build_data",
        "vendor":"NAV2",
        "name":"GEN3_PBF-CN_NT_16Q1_Level0-AdaptorG2_UniDB_1.0.0-gen3.421243-20160614103507-RC",
        "data_type":"PBF",
        "region":"CN_Level0",
        "data_path":"/var/www/html/ec_latest_builds/GEN3_PBF/CN_NT_16Q1_Level0/GEN3_PBF-CN_NT_16Q1_Level0-AdaptorG2_UniDB_1.0.0-gen3.421243-20160614103507-RC",
        "project":"GEN3",
        "size_pretty":"48.66 MB",
        "version":"16Q1",
        "create_time":"20160614103507",
        "build_type":"GEN3_PBF",
        "release_type":"RC",
        "size":51028895
    },
    {
        "category":"build_data",
        "vendor":"NAV2",
        "name":"GEN3_PBF-CN_NT_16Q1_Level0-AdaptorG2_UniDB_1.0.0-gen3.444520-20160628174005-RC",
        "data_type":"PBF",
        "region":"CN_Level0",
        "data_path":"/var/www/html/ec_latest_builds/GEN3_PBF/CN_NT_16Q1_Level0/GEN3_PBF-CN_NT_16Q1_Level0-AdaptorG2_UniDB_1.0.0-gen3.444520-20160628174005-RC",
        "project":"GEN3",
        "size_pretty":"12.30 MB",
        "version":"16Q1",
        "create_time":"20160628174005",
        "build_type":"GEN3_PBF",
        "release_type":"RC",
        "size":12898183
    },
    {
        "category":"build_data",
        "vendor":"NAV2",
        "name":"GEN3_PBF-CN_NT_16Q1_Level0-AdaptorG2_UniDB_1.0.0-gen3.444520-20160628184531-RC",
        "data_type":"PBF",
        "region":"CN_Level0",
        "data_path":"/var/www/html/ec_latest_builds/GEN3_PBF/CN_NT_16Q1_Level0/GEN3_PBF-CN_NT_16Q1_Level0-AdaptorG2_UniDB_1.0.0-gen3.444520-20160628184531-RC",
        "project":"GEN3",
        "size_pretty":"12.30 MB",
        "version":"16Q1",
        "create_time":"20160628184531",
        "build_type":"GEN3_PBF",
        "release_type":"RC",
        "size":12900523
    },
    {
        "category":"build_data",
        "vendor":"NAV2",
        "name":"GEN3_PBF-CN_NT_16Q1_Level0-AdaptorG2_UniDB_1.0.0-gen3.444520-20160629094700-RC",
        "data_type":"PBF",
        "region":"CN_Level0",
        "data_path":"/var/www/html/ec_latest_builds/GEN3_PBF/CN_NT_16Q1_Level0/GEN3_PBF-CN_NT_16Q1_Level0-AdaptorG2_UniDB_1.0.0-gen3.444520-20160629094700-RC",
        "project":"GEN3",
        "size_pretty":"12.30 MB",
        "version":"16Q1",
        "create_time":"20160629094700",
        "build_type":"GEN3_PBF",
        "release_type":"RC",
        "size":12900357
    },
    {
        "category":"build_data",
        "vendor":"NAV2",
        "name":"GEN3_PBF-CN_NT_16Q1_Level0-AdaptorG2_UniDB_1.0.0-gen3.444520-20160629101559-RC",
        "data_type":"PBF",
        "region":"CN_Level0",
        "data_path":"/var/www/html/ec_latest_builds/GEN3_PBF/CN_NT_16Q1_Level0/GEN3_PBF-CN_NT_16Q1_Level0-AdaptorG2_UniDB_1.0.0-gen3.444520-20160629101559-RC",
        "project":"GEN3",
        "size_pretty":"12.30 MB",
        "version":"16Q1",
        "create_time":"20160629101559",
        "build_type":"GEN3_PBF",
        "release_type":"RC",
        "size":12900367
    },
    {
        "category":"build_data",
        "vendor":"NAV2",
        "name":"GEN3_PBF-CN_NT_16Q1_Level0-AdaptorG2_UniDB_1.0.0-gen3.444520-20160629103346-RC",
        "data_type":"PBF",
        "region":"CN_Level0",
        "data_path":"/var/www/html/ec_latest_builds/GEN3_PBF/CN_NT_16Q1_Level0/GEN3_PBF-CN_NT_16Q1_Level0-AdaptorG2_UniDB_1.0.0-gen3.444520-20160629103346-RC",
        "project":"GEN3",
        "size_pretty":"48.67 MB",
        "version":"16Q1",
        "create_time":"20160629103346",
        "build_type":"GEN3_PBF",
        "release_type":"RC",
        "size":51029628
    },
    {
        "category":"build_data",
        "vendor":"NAV2",
        "name":"GEN3_PBF-CN_NT_16Q1_Level0-AdaptorG2_UniDB_1.0.0.467919-20170310094847-DEV",
        "data_type":"PBF",
        "region":"CN_Level0",
        "data_path":"/var/www/html/ec_latest_builds/GEN3_PBF/CN_NT_16Q1_Level0/GEN3_PBF-CN_NT_16Q1_Level0-AdaptorG2_UniDB_1.0.0.467919-20170310094847-DEV",
        "project":"GEN3",
        "size_pretty":"47.26 MB",
        "version":"16Q1",
        "create_time":"20170310094847",
        "build_type":"GEN3_PBF",
        "release_type":"DEV",
        "size":49554075
    },
    {
        "category":"build_data",
        "vendor":"NAV2",
        "name":"GEN3_PBF-CN_NT_17Q1-AdaptorG2_UniDB_1.0.0.495483-20170527125225-RC",
        "data_type":"PBF",
        "region":"CN",
        "data_path":"/var/www/html/ec_latest_builds/GEN3_PBF/CN_NT_17Q1/GEN3_PBF-CN_NT_17Q1-AdaptorG2_UniDB_1.0.0.495483-20170527125225-RC",
        "project":"GEN3",
        "size_pretty":"23.55 GB",
        "version":"17Q1",
        "create_time":"20170527125225",
        "build_type":"GEN3_PBF",
        "release_type":"RC",
        "size":25290439923
    },
    {
        "category":"build_data",
        "vendor":"NAV2",
        "name":"GEN3_PBF-CN_NT_17Q1_Level0-AdaptorG2_UniDB_1.0.0.495391-20170526170018-RC",
        "data_type":"PBF",
        "region":"CN_Level0",
        "data_path":"/var/www/html/ec_latest_builds/GEN3_PBF/CN_NT_17Q1_Level0/GEN3_PBF-CN_NT_17Q1_Level0-AdaptorG2_UniDB_1.0.0.495391-20170526170018-RC",
        "project":"GEN3",
        "size_pretty":"17.24 MB",
        "version":"17Q1",
        "create_time":"20170526170018",
        "build_type":"GEN3_PBF",
        "release_type":"RC",
        "size":18076605
    },
    {
        "category":"build_data",
        "vendor":"NAV2",
        "name":"GEN3_PBF-CN_NT_17Q2-AdaptorG2_UniDB_1.0.0.505521-20170802100949-DEV",
        "data_type":"PBF",
        "region":"CN",
        "data_path":"/var/www/html/ec_latest_builds/GEN3_PBF/CN_NT_17Q2/GEN3_PBF-CN_NT_17Q2-AdaptorG2_UniDB_1.0.0.505521-20170802100949-DEV",
        "project":"GEN3",
        "size_pretty":"13.93 GB",
        "version":"17Q2",
        "create_time":"20170802100949",
        "build_type":"GEN3_PBF",
        "release_type":"DEV",
        "size":14952544705
    },
    {
        "category":"build_data",
        "vendor":"NAV2",
        "name":"GEN3_PBF-CN_NT_17Q2-AdaptorG2_UniDB_1.0.0.505521-20170804134636-DEV",
        "data_type":"PBF",
        "region":"CN",
        "data_path":"/var/www/html/ec_latest_builds/GEN3_PBF/CN_NT_17Q2/GEN3_PBF-CN_NT_17Q2-AdaptorG2_UniDB_1.0.0.505521-20170804134636-DEV",
        "project":"GEN3",
        "size_pretty":"13.93 GB",
        "version":"17Q2",
        "create_time":"20170804134636",
        "build_type":"GEN3_PBF",
        "release_type":"DEV",
        "size":14953319612
    },
    {
        "category":"build_data",
        "vendor":"NAV2",
        "name":"GEN3_PBF-CN_NT_17Q2-AdaptorG2_UniDB_1.0.0.509118-20170828102354-DEV",
        "data_type":"PBF",
        "region":"CN",
        "data_path":"/var/www/html/ec_latest_builds/GEN3_PBF/CN_NT_17Q2/GEN3_PBF-CN_NT_17Q2-AdaptorG2_UniDB_1.0.0.509118-20170828102354-DEV",
        "project":"GEN3",
        "size_pretty":"13.14 GB",
        "version":"17Q2",
        "create_time":"20170828102354",
        "build_type":"GEN3_PBF",
        "release_type":"DEV",
        "size":14111816530
    },
    {
        "category":"build_data",
        "vendor":"NAV2",
        "name":"GEN3_PBF-CN_NT_17Q2-AdaptorG2_UniDB_1.0.0.510660-20170911090023-RC",
        "data_type":"PBF",
        "region":"CN",
        "data_path":"/var/www/html/ec_latest_builds/GEN3_PBF/CN_NT_17Q2/GEN3_PBF-CN_NT_17Q2-AdaptorG2_UniDB_1.0.0.510660-20170911090023-RC",
        "project":"GEN3",
        "size_pretty":"13.14 GB",
        "version":"17Q2",
        "create_time":"20170911090023",
        "build_type":"GEN3_PBF",
        "release_type":"RC",
        "size":14111709715
    },
    {
        "category":"build_data",
        "vendor":"NAV2",
        "name":"GEN3_PBF-CN_NT_17Q2-AdaptorG2_UniDB_1.0.0.511039-20170920134539-TEST",
        "data_type":"PBF",
        "region":"CN",
        "data_path":"/var/www/html/ec_latest_builds/GEN3_PBF/CN_NT_17Q2/GEN3_PBF-CN_NT_17Q2-AdaptorG2_UniDB_1.0.0.511039-20170920134539-TEST",
        "project":"GEN3",
        "size_pretty":"16.00 GB",
        "version":"17Q2",
        "create_time":"20170920134539",
        "build_type":"GEN3_PBF",
        "release_type":"TEST",
        "size":17177536654
    },
    {
        "category":"build_data",
        "vendor":"NAV2",
        "name":"GEN3_PBF-CN_NT_17Q2-AdaptorG2_UniDB_1.0.0.512535-20170921094432-RC",
        "data_type":"PBF",
        "region":"CN",
        "data_path":"/var/www/html/ec_latest_builds/GEN3_PBF/CN_NT_17Q2/GEN3_PBF-CN_NT_17Q2-AdaptorG2_UniDB_1.0.0.512535-20170921094432-RC",
        "project":"GEN3",
        "size_pretty":"5.02 MB",
        "version":"17Q2",
        "create_time":"20170921094432",
        "build_type":"GEN3_PBF",
        "release_type":"RC",
        "size":5262102
    },
    {
        "category":"build_data",
        "vendor":"NAV2",
        "name":"GEN3_PBF-CN_NT_17Q2-AdaptorG2_UniDB_1.0.0.512535-20170921102508-RC",
        "data_type":"PBF",
        "region":"CN",
        "data_path":"/var/www/html/ec_latest_builds/GEN3_PBF/CN_NT_17Q2/GEN3_PBF-CN_NT_17Q2-AdaptorG2_UniDB_1.0.0.512535-20170921102508-RC",
        "project":"GEN3",
        "size_pretty":"6.28 GB",
        "version":"17Q2",
        "create_time":"20170921102508",
        "build_type":"GEN3_PBF",
        "release_type":"RC",
        "size":6737880570
    },
    {
        "category":"build_data",
        "vendor":"NAV2",
        "name":"GEN3_PBF-CN_NT_17Q2-AdaptorG2_UniDB_1.0.0.512535-20170921135221-RC",
        "data_type":"PBF",
        "region":"CN",
        "data_path":"/var/www/html/ec_latest_builds/GEN3_PBF/CN_NT_17Q2/GEN3_PBF-CN_NT_17Q2-AdaptorG2_UniDB_1.0.0.512535-20170921135221-RC",
        "project":"GEN3",
        "size_pretty":"13.12 GB",
        "version":"17Q2",
        "create_time":"20170921135221",
        "build_type":"GEN3_PBF",
        "release_type":"RC",
        "size":14089388459
    },
    {
        "category":"build_data",
        "vendor":"NAV2",
        "name":"GEN3_PBF-CN_NT_17Q2-AdaptorG2_UniDB_1.0.0.512535-20170922092816-RC",
        "data_type":"PBF",
        "region":"CN",
        "data_path":"/var/www/html/ec_latest_builds/GEN3_PBF/CN_NT_17Q2/GEN3_PBF-CN_NT_17Q2-AdaptorG2_UniDB_1.0.0.512535-20170922092816-RC",
        "project":"GEN3",
        "size_pretty":"2.15 KB",
        "version":"17Q2",
        "create_time":"20170922092816",
        "build_type":"GEN3_PBF",
        "release_type":"RC",
        "size":2200
    },
    {
        "category":"build_data",
        "vendor":"NAV2",
        "name":"GEN3_PBF-CN_NT_17Q2-AdaptorG2_UniDB_1.0.0.512815-20170922155316-RC",
        "data_type":"PBF",
        "region":"CN",
        "data_path":"/var/www/html/ec_latest_builds/GEN3_PBF/CN_NT_17Q2/GEN3_PBF-CN_NT_17Q2-AdaptorG2_UniDB_1.0.0.512815-20170922155316-RC",
        "project":"GEN3",
        "size_pretty":"7.24 GB",
        "version":"17Q2",
        "create_time":"20170922155316",
        "build_type":"GEN3_PBF",
        "release_type":"RC",
        "size":7778810655
    },
    {
        "category":"build_data",
        "vendor":"NAV2",
        "name":"GEN3_PBF-CN_NT_17Q2-AdaptorG2_UniDB_1.0.0.512843-20170922205525-RC",
        "data_type":"PBF",
        "region":"CN",
        "data_path":"/var/www/html/ec_latest_builds/GEN3_PBF/CN_NT_17Q2/GEN3_PBF-CN_NT_17Q2-AdaptorG2_UniDB_1.0.0.512843-20170922205525-RC",
        "project":"GEN3",
        "size_pretty":"13.14 GB",
        "version":"17Q2",
        "create_time":"20170922205525",
        "build_type":"GEN3_PBF",
        "release_type":"RC",
        "size":14112370317
    },
    {
        "category":"build_data",
        "vendor":"NAV2",
        "name":"GEN3_PBF-CN_NT_17Q2-AdaptorG2_UniDB_1.0.0.517136-20171018165616-RC",
        "data_type":"PBF",
        "region":"CN",
        "data_path":"/var/www/html/ec_latest_builds/GEN3_PBF/CN_NT_17Q2/GEN3_PBF-CN_NT_17Q2-AdaptorG2_UniDB_1.0.0.517136-20171018165616-RC",
        "project":"GEN3",
        "size_pretty":"13.14 GB",
        "version":"17Q2",
        "create_time":"20171018165616",
        "build_type":"GEN3_PBF",
        "release_type":"RC",
        "size":14108311258
    },
    {
        "category":"build_data",
        "vendor":"NAV2",
        "name":"GEN3_PBF-CN_NT_17Q2-AdaptorG2_UniDB_1.0.0.525886-20180103111946-DEV",
        "data_type":"PBF",
        "region":"CN",
        "data_path":"/var/www/html/ec_latest_builds/GEN3_PBF/CN_NT_17Q2/GEN3_PBF-CN_NT_17Q2-AdaptorG2_UniDB_1.0.0.525886-20180103111946-DEV",
        "project":"GEN3",
        "size_pretty":"2.19 KB",
        "version":"17Q2",
        "create_time":"20180103111946",
        "build_type":"GEN3_PBF",
        "release_type":"DEV",
        "size":2242
    },
    {
        "category":"build_data",
        "vendor":"NAV2",
        "name":"GEN3_PBF-CN_NT_17Q2-test_license_plate_20171220-20171220192542-TEST",
        "data_type":"PBF",
        "region":"CN",
        "data_path":"/var/www/html/ec_latest_builds/GEN3_PBF/CN_NT_17Q2/GEN3_PBF-CN_NT_17Q2-test_license_plate_20171220-20171220192542-TEST",
        "project":"GEN3",
        "size_pretty":"13.13 GB",
        "version":"17Q2",
        "create_time":"20171220192542",
        "build_type":"GEN3_PBF",
        "release_type":"TEST",
        "size":14099629970
    },
    {
        "category":"build_data",
        "vendor":"NAV2",
        "name":"GEN3_PBF-CN_NT_17Q2_Level0-AdaptorG2_UniDB_1.0.0.496574-20170727172632-RC",
        "data_type":"PBF",
        "region":"CN_Level0",
        "data_path":"/var/www/html/ec_latest_builds/GEN3_PBF/CN_NT_17Q2_Level0/GEN3_PBF-CN_NT_17Q2_Level0-AdaptorG2_UniDB_1.0.0.496574-20170727172632-RC",
        "project":"GEN3",
        "size_pretty":"12.37 MB",
        "version":"17Q2",
        "create_time":"20170727172632",
        "build_type":"GEN3_PBF",
        "release_type":"RC",
        "size":12971652
    },
    {
        "category":"build_data",
        "vendor":"NAV2",
        "name":"GEN3_PBF-CN_NT_17Q2_Level0-AdaptorG2_UniDB_1.0.0.496574-20170728131048-DEV",
        "data_type":"PBF",
        "region":"CN_Level0",
        "data_path":"/var/www/html/ec_latest_builds/GEN3_PBF/CN_NT_17Q2_Level0/GEN3_PBF-CN_NT_17Q2_Level0-AdaptorG2_UniDB_1.0.0.496574-20170728131048-DEV",
        "project":"GEN3",
        "size_pretty":"12.36 MB",
        "version":"17Q2",
        "create_time":"20170728131048",
        "build_type":"GEN3_PBF",
        "release_type":"DEV",
        "size":12962040
    },
    {
        "category":"build_data",
        "vendor":"NAV2",
        "name":"GEN3_PBF-CN_NT_17Q2_Level0-AdaptorG2_UniDB_1.0.0.496574-20170728161345-DEV",
        "data_type":"PBF",
        "region":"CN_Level0",
        "data_path":"/var/www/html/ec_latest_builds/GEN3_PBF/CN_NT_17Q2_Level0/GEN3_PBF-CN_NT_17Q2_Level0-AdaptorG2_UniDB_1.0.0.496574-20170728161345-DEV",
        "project":"GEN3",
        "size_pretty":"12.92 MB",
        "version":"17Q2",
        "create_time":"20170728161345",
        "build_type":"GEN3_PBF",
        "release_type":"DEV",
        "size":13551345
    },
    {
        "category":"build_data",
        "vendor":"NAV2",
        "name":"GEN3_PBF-CN_NT_17Q2_Level0-AdaptorG2_UniDB_1.0.0.505521-20170801161151-DEV",
        "data_type":"PBF",
        "region":"CN_Level0",
        "data_path":"/var/www/html/ec_latest_builds/GEN3_PBF/CN_NT_17Q2_Level0/GEN3_PBF-CN_NT_17Q2_Level0-AdaptorG2_UniDB_1.0.0.505521-20170801161151-DEV",
        "project":"GEN3",
        "size_pretty":"18.11 MB",
        "version":"17Q2",
        "create_time":"20170801161151",
        "build_type":"GEN3_PBF",
        "release_type":"DEV",
        "size":18992062
    },
    {
        "category":"build_data",
        "vendor":"NAV2",
        "name":"GEN3_PBF-CN_NT_17Q2_Level0-AdaptorG2_UniDB_1.0.0.505521-20170807095154-DEV",
        "data_type":"PBF",
        "region":"CN_Level0",
        "data_path":"/var/www/html/ec_latest_builds/GEN3_PBF/CN_NT_17Q2_Level0/GEN3_PBF-CN_NT_17Q2_Level0-AdaptorG2_UniDB_1.0.0.505521-20170807095154-DEV",
        "project":"GEN3",
        "size_pretty":"13.94 MB",
        "version":"17Q2",
        "create_time":"20170807095154",
        "build_type":"GEN3_PBF",
        "release_type":"DEV",
        "size":14618396
    },
    {
        "category":"build_data",
        "vendor":"NAV2",
        "name":"GEN3_PBF-CN_NT_17Q2_Level0-AdaptorG2_UniDB_1.0.0.509867-20170831185907-DEV",
        "data_type":"PBF",
        "region":"CN_Level0",
        "data_path":"/var/www/html/ec_latest_builds/GEN3_PBF/CN_NT_17Q2_Level0/GEN3_PBF-CN_NT_17Q2_Level0-AdaptorG2_UniDB_1.0.0.509867-20170831185907-DEV",
        "project":"GEN3",
        "size_pretty":"15.77 MB",
        "version":"17Q2",
        "create_time":"20170831185907",
        "build_type":"GEN3_PBF",
        "release_type":"DEV",
        "size":16534249
    },
    {
        "category":"build_data",
        "vendor":"NAV2",
        "name":"GEN3_PBF-CN_NT_17Q2_Level0-AdaptorG2_UniDB_1.0.0.509867-20170901134114-DEV",
        "data_type":"PBF",
        "region":"CN_Level0",
        "data_path":"/var/www/html/ec_latest_builds/GEN3_PBF/CN_NT_17Q2_Level0/GEN3_PBF-CN_NT_17Q2_Level0-AdaptorG2_UniDB_1.0.0.509867-20170901134114-DEV",
        "project":"GEN3",
        "size_pretty":"15.78 MB",
        "version":"17Q2",
        "create_time":"20170901134114",
        "build_type":"GEN3_PBF",
        "release_type":"DEV",
        "size":16547923
    },
    {
        "category":"build_data",
        "vendor":"NAV2",
        "name":"GEN3_PBF-CN_NT_17Q2_Level0-AdaptorG2_UniDB_1.0.0.510660-20170911151446-RC",
        "data_type":"PBF",
        "region":"CN_Level0",
        "data_path":"/var/www/html/ec_latest_builds/GEN3_PBF/CN_NT_17Q2_Level0/GEN3_PBF-CN_NT_17Q2_Level0-AdaptorG2_UniDB_1.0.0.510660-20170911151446-RC",
        "project":"GEN3",
        "size_pretty":"15.93 MB",
        "version":"17Q2",
        "create_time":"20170911151446",
        "build_type":"GEN3_PBF",
        "release_type":"RC",
        "size":16708429
    },
    {
        "category":"build_data",
        "vendor":"NAV2",
        "name":"GEN3_PBF-CN_NT_17Q2_Level0-AdaptorG2_UniDB_1.0.0.511039-20170914145709-RC",
        "data_type":"PBF",
        "region":"CN_Level0",
        "data_path":"/var/www/html/ec_latest_builds/GEN3_PBF/CN_NT_17Q2_Level0/GEN3_PBF-CN_NT_17Q2_Level0-AdaptorG2_UniDB_1.0.0.511039-20170914145709-RC",
        "project":"GEN3",
        "size_pretty":"12.81 MB",
        "version":"17Q2",
        "create_time":"20170914145709",
        "build_type":"GEN3_PBF",
        "release_type":"RC",
        "size":13430529
    },
    {
        "category":"build_data",
        "vendor":"NAV2",
        "name":"GEN3_PBF-CN_NT_17Q2_Level0-AdaptorG2_UniDB_1.0.0.512535-20170921095605-RC",
        "data_type":"PBF",
        "region":"CN_Level0",
        "data_path":"/var/www/html/ec_latest_builds/GEN3_PBF/CN_NT_17Q2_Level0/GEN3_PBF-CN_NT_17Q2_Level0-AdaptorG2_UniDB_1.0.0.512535-20170921095605-RC",
        "project":"GEN3",
        "size_pretty":"13.12 MB",
        "version":"17Q2",
        "create_time":"20170921095605",
        "build_type":"GEN3_PBF",
        "release_type":"RC",
        "size":13756220
    },
    {
        "category":"build_data",
        "vendor":"NAV2",
        "name":"GEN3_PBF-CN_NT_17Q2_Level0-AdaptorG2_UniDB_1.0.0.512535-20170921101133-RC",
        "data_type":"PBF",
        "region":"CN_Level0",
        "data_path":"/var/www/html/ec_latest_builds/GEN3_PBF/CN_NT_17Q2_Level0/GEN3_PBF-CN_NT_17Q2_Level0-AdaptorG2_UniDB_1.0.0.512535-20170921101133-RC",
        "project":"GEN3",
        "size_pretty":"13.13 MB",
        "version":"17Q2",
        "create_time":"20170921101133",
        "build_type":"GEN3_PBF",
        "release_type":"RC",
        "size":13767002
    },
    {
        "category":"build_data",
        "vendor":"NAV2",
        "name":"GEN3_PBF-CN_NT_17Q2_Level0-AdaptorG2_UniDB_1.0.0.524493-20171218181636-TEST",
        "data_type":"PBF",
        "region":"CN_Level0",
        "data_path":"/var/www/html/ec_latest_builds/GEN3_PBF/CN_NT_17Q2_Level0/GEN3_PBF-CN_NT_17Q2_Level0-AdaptorG2_UniDB_1.0.0.524493-20171218181636-TEST",
        "project":"GEN3",
        "size_pretty":"9.29 MB",
        "version":"17Q2",
        "create_time":"20171218181636",
        "build_type":"GEN3_PBF",
        "release_type":"TEST",
        "size":9746470
    },
    {
        "category":"build_data",
        "vendor":"NAV2",
        "name":"GEN3_PBF-CN_NT_17Q2_Level0-AdaptorG2_UniDB_1.0.0.524493-20171220142230-TEST",
        "data_type":"PBF",
        "region":"CN_Level0",
        "data_path":"/var/www/html/ec_latest_builds/GEN3_PBF/CN_NT_17Q2_Level0/GEN3_PBF-CN_NT_17Q2_Level0-AdaptorG2_UniDB_1.0.0.524493-20171220142230-TEST",
        "project":"GEN3",
        "size_pretty":"9.30 MB",
        "version":"17Q2",
        "create_time":"20171220142230",
        "build_type":"GEN3_PBF",
        "release_type":"TEST",
        "size":9746831
    },
    {
        "category":"build_data",
        "vendor":"NAV2",
        "name":"GEN3_PBF-CN_NT_17Q2_Level0-AdaptorG2_UniDB_1.0.0.524493-20171220172208-TEST",
        "data_type":"PBF",
        "region":"CN_Level0",
        "data_path":"/var/www/html/ec_latest_builds/GEN3_PBF/CN_NT_17Q2_Level0/GEN3_PBF-CN_NT_17Q2_Level0-AdaptorG2_UniDB_1.0.0.524493-20171220172208-TEST",
        "project":"GEN3",
        "size_pretty":"7.87 MB",
        "version":"17Q2",
        "create_time":"20171220172208",
        "build_type":"GEN3_PBF",
        "release_type":"TEST",
        "size":8255708
    },
    {
        "category":"build_data",
        "vendor":"NAV2",
        "name":"GEN3_PBF-CN_NT_17Q2_Level0-AdaptorG2_UniDB_1.0.0.526325-20180121223703-DEV",
        "data_type":"PBF",
        "region":"CN_Level0",
        "data_path":"/var/www/html/ec_latest_builds/GEN3_PBF/CN_NT_17Q2_Level0/GEN3_PBF-CN_NT_17Q2_Level0-AdaptorG2_UniDB_1.0.0.526325-20180121223703-DEV",
        "project":"GEN3",
        "size_pretty":"12.85 MB",
        "version":"17Q2",
        "create_time":"20180121223703",
        "build_type":"GEN3_PBF",
        "release_type":"DEV",
        "size":13477241
    },
    {
        "category":"build_data",
        "vendor":"NAV2",
        "name":"GEN3_PBF-CN_NT_17Q3-AdaptorG2_UniDB_1.0.0.525886-20180103175539-DEV",
        "data_type":"PBF",
        "region":"CN",
        "data_path":"/var/www/html/ec_latest_builds/GEN3_PBF/CN_NT_17Q3/GEN3_PBF-CN_NT_17Q3-AdaptorG2_UniDB_1.0.0.525886-20180103175539-DEV",
        "project":"GEN3",
        "size_pretty":"13.48 GB",
        "version":"17Q3",
        "create_time":"20180103175539",
        "build_type":"GEN3_PBF",
        "release_type":"DEV",
        "size":14472024625
    },
    {
        "category":"build_data",
        "vendor":"NAV2",
        "name":"GEN3_PBF-CN_NT_17Q3-test_license_plate_20171220-20180104110335-DEV",
        "data_type":"PBF",
        "region":"CN",
        "data_path":"/var/www/html/ec_latest_builds/GEN3_PBF/CN_NT_17Q3/GEN3_PBF-CN_NT_17Q3-test_license_plate_20171220-20180104110335-DEV",
        "project":"GEN3",
        "size_pretty":"13.47 GB",
        "version":"17Q3",
        "create_time":"20180104110335",
        "build_type":"GEN3_PBF",
        "release_type":"DEV",
        "size":14463201886
    },
    {
        "category":"build_data",
        "vendor":"NAV2",
        "name":"GEN3_PBF-CN_NT_17Q3-test_license_plate_20171220-20180110014035-DEV",
        "data_type":"PBF",
        "region":"CN",
        "data_path":"/var/www/html/ec_latest_builds/GEN3_PBF/CN_NT_17Q3/GEN3_PBF-CN_NT_17Q3-test_license_plate_20171220-20180110014035-DEV",
        "project":"GEN3",
        "size_pretty":"13.47 GB",
        "version":"17Q3",
        "create_time":"20180110014035",
        "build_type":"GEN3_PBF",
        "release_type":"DEV",
        "size":14462548736
    },
    {
        "category":"build_data",
        "vendor":"NAV2",
        "name":"GEN3_PBF-CN_NT_17Q3-test_license_plate_20171220_Only_Shanggai-20180110192743-DEV",
        "data_type":"PBF",
        "region":"CN",
        "data_path":"/var/www/html/ec_latest_builds/GEN3_PBF/CN_NT_17Q3/GEN3_PBF-CN_NT_17Q3-test_license_plate_20171220_Only_Shanggai-20180110192743-DEV",
        "project":"GEN3",
        "size_pretty":"1.58 GB",
        "version":"17Q3",
        "create_time":"20180110192743",
        "build_type":"GEN3_PBF",
        "release_type":"DEV",
        "size":1691650988
    },
    {
        "category":"build_data",
        "vendor":"HERE",
        "name":"GEN3_PBF-TWN_HERE_17Q3-AdaptorG2_UniDB_1.0.0.000000-20171130133416-TEST",
        "data_type":"PBF",
        "region":"TWN",
        "data_path":"/var/www/html/ec_latest_builds/GEN3_PBF/TWN_HERE_17Q3/GEN3_PBF-TWN_HERE_17Q3-AdaptorG2_UniDB_1.0.0.000000-20171130133416-TEST",
        "project":"GEN3",
        "size_pretty":"2.30 KB",
        "version":"17Q3",
        "create_time":"20171130133416",
        "build_type":"GEN3_PBF",
        "release_type":"TEST",
        "size":2354
    },
    {
        "category":"build_data",
        "vendor":"AUTONAVI",
        "name":"YANGZI_NGX-CN_AXF_15Q4-TnMapDataAccess_rel-20161128-rc2-20161201213134-RC",
        "data_type":"NGX",
        "region":"CN",
        "data_path":"/var/www/html/ec_latest_builds/YANGZI_NGX/CN_AXF_15Q4/YANGZI_NGX-CN_AXF_15Q4-TnMapDataAccess_rel-20161128-rc2-20161201213134-RC",
        "project":"YANGZI",
        "size_pretty":"1.08 GB",
        "version":"15Q4",
        "create_time":"20161201213134",
        "build_type":"YANGZI_NGX",
        "release_type":"RC",
        "size":1162843865
    },
    {
        "category":"build_data",
        "vendor":"AUTONAVI",
        "name":"YANGZI_NGX-CN_AXF_17Q2-TnMapDataAccess-linux-centos6x64-2.9.479732-trunk-20170919103814-RC_data.tar.gz",
        "data_type":"NGX",
        "region":"CN",
        "data_path":"/var/www/html/ec_latest_builds/YANGZI_NGX/CN_AXF_17Q2/YANGZI_NGX-CN_AXF_17Q2-TnMapDataAccess-linux-centos6x64-2.9.479732-trunk-20170919103814-RC_data.tar.gz",
        "project":"YANGZI",
        "size_pretty":"0.0 Byte",
        "version":"17Q2",
        "create_time":"20170919103814",
        "build_type":"YANGZI_NGX",
        "release_type":"RC",
        "size":0
    },
    {
        "category":"build_data",
        "vendor":"AUTONAVI",
        "name":"YANGZI_TRAFFIC-CN_AXF_17Q2-Traffic_Data_Builder_manual_20170122-20170919163022-RC",
        "data_type":"TRAFFIC_NGX",
        "region":"CN",
        "data_path":"/var/www/html/ec_latest_builds/YANGZI_TRAFFIC_NGX/CN_AUTONAVI_17Q2/YANGZI_TRAFFIC-CN_AXF_17Q2-Traffic_Data_Builder_manual_20170122-20170919163022-RC",
        "project":"YANGZI",
        "size_pretty":"113.16 MB",
        "version":"17Q2",
        "create_time":"20170919163022",
        "build_type":"YANGZI_TRAFFIC_NGX",
        "release_type":"RC",
        "size":118659669
    },
    {
        "category":"build_data",
        "vendor":"AUTONAVI",
        "name":"YANGZI_TRAFFIC-CN_AXF_17Q2-Traffic_Data_Builder_manual_20170122-20171025200231-RC",
        "data_type":"TRAFFIC_NGX",
        "region":"CN",
        "data_path":"/var/www/html/ec_latest_builds/YANGZI_TRAFFIC_NGX/CN_AUTONAVI_17Q2/YANGZI_TRAFFIC-CN_AXF_17Q2-Traffic_Data_Builder_manual_20170122-20171025200231-RC",
        "project":"YANGZI",
        "size_pretty":"35.40 MB",
        "version":"17Q2",
        "create_time":"20171025200231",
        "build_type":"YANGZI_TRAFFIC_NGX",
        "release_type":"RC",
        "size":37114973
    },
    {
        "category":"build_data",
        "vendor":"AUTONAVI",
        "name":"DENALI_NGX_DELTA-CN_AXF_16Q3-TnMapDataAccess-linux-centos6x64-2.9.479732-trunk-20170220160850-RC",
        "data_type":"NGX_DELTA",
        "region":"CN",
        "data_path":"/var/www/html/ec_latest_builds/DENALI_NGX_DELTA/CN_AXF_16Q3/DENALI_NGX_DELTA-CN_AXF_16Q3-TnMapDataAccess-linux-centos6x64-2.9.479732-trunk-20170220160850-RC",
        "project":"DENALI",
        "size_pretty":"2.09 GB",
        "version":"16Q3",
        "create_time":"20170220160850",
        "build_type":"DENALI_NGX_DELTA",
        "release_type":"RC",
        "size":2241002782
    }
]