{
  "TWN": {
    "key_list": "rdf|3dlandmark|gjv|speed_camera",
    "database_operations": "divide"
  },
  "SKR": {
    "key_list": "rdf|3dlandmark|speed_camera|new_address|toll_cost",
    "database_operations": "divide"
  },
  "SKOR": {
    "key_list": "rdf|3dlandmark|speed_camera|new_address|toll_cost",
    "database_operations": "divide"
  },
  "KOR": {
    "key_list": "rdf|3dlandmark|speed_camera|new_address|toll_cost",
    "database_operations": "divide"
  },
  "SEA": {
    "key_list": "rdf|3dlandmark|gjv|speed_camera",
    "database_operations": "divide"
  },
  "SA": {
    "key_list": "rdf|3dlandmark|gjv",
    "database_operations": "divide"
  },
  "NA": {
    "key_list": "rdf|3dlandmark|gjv|speed_camera",
    "database_operations": "divide|modify"
  },
  "MEA": {
    "key_list": "rdf|3dlandmark|gjv",
    "database_operations": "divide"
  },
  "EU": {
    "key_list": "rdf|3dlandmark|gjv|speed_camera|postal_code",
    "database_operations": "divide"
  },
  "CN Level0": {
    "key_list": "rdf|level0",
    "database_operations": "divide"
  },
  "CN": {
    "key_list": "rdf|3dlandmark|speed_camera|level0|cn_add_content|sensitive_boundary_river",
    "database_operations": "divide"
  },
  "ANZ": {
    "key_list": "rdf|3dlandmark|gjv|speed_camera",
    "database_operations": "divide"
  }
}
