<?xml version="1.0" encoding="utf-8"?>
<!--
        TeleNav Copyright 2014

        This file is generated automatically at Mon Dec  1 18:23:03 2014
        please don't modify it manually, for details info refer to

            http://svn.telenav.com/tn/nav/DataPlatform/trunk/Automation

        The contents of this file are maintained by following guys:

            jxxia@telenav.cn
            lgwu@telenav.cn
            yxia@telenav.cn
            jyu@telenav.cn

-->
<CountryProfiles>
    <!--AF-->
    <Country name="ZAF" equivalent="">
        <AdminAreaMap>
            <Admin type="A0" value="Country"/>
            <Admin type="A1" value="State"/>
            <Admin type="A2" value="SubState"/>
            <Admin type="A8" value="City"/>
            <Admin type="PA" value="SubCity"/>
            <Admin type="PB" value="LocalCity"/>
            <Admin type="PC" value="ZipCode"/>
        </AdminAreaMap>
    </Country>
    <!--ANZ-->
    <Country name="NZL" equivalent="">
        <AdminAreaMap>
            <Admin type="A0" value="Country"/>
            <Admin type="A0" value="State"/>
            <Admin type="A1" value="SubState"/>
            <Admin type="A2" value="District"/>
            <Admin type="A8" value="City"/>
            <Admin type="PA" value="SubCity"/>
            <Admin type="PB" value="LocalCity"/>
            <Admin type="PC" value="ZipCode"/>
        </AdminAreaMap>
    </Country>
    <Country name="AUS" equivalent="">
        <AdminAreaMap>
            <Admin type="A0" value="Country"/>
            <Admin type="A1" value="State"/>
            <Admin type="A8" value="City"/>
            <Admin type="PA" value="SubCity"/>
            <Admin type="PB" value="LocalCity"/>
            <Admin type="PC" value="ZipCode"/>
        </AdminAreaMap>
    </Country>
    <!--CN-->
    <Country name="CHN" equivalent="">
        <AdminAreaMap>
            <Admin type="A0" value="Country"/>
            <Admin type="A1" value="State"/>
            <Admin type="A8" value="City"/>
            <Admin type="PA" value="SubCity"/>
            <Admin type="PB" value="LocalCity"/>
            <Admin type="PC" value="ZipCode"/>
        </AdminAreaMap>
    </Country>
    <!--EU-->
    <Country name="ALB" equivalent="AUT,BEL,BIH,CHE,CZE,DEU,ESP,FIN,FRA,GBR,GRC,HUN,ITA,LTU,LUX,POL,RUS,SRB,SVK">
        <AdminAreaMap>
            <Admin type="A0" value="Country"/>
            <Admin type="A1" value="State"/>
            <Admin type="A2" value="SubState"/>
            <Admin type="A8" value="City"/>
            <Admin type="PA" value="SubCity"/>
            <Admin type="PB" value="LocalCity"/>
            <Admin type="PC" value="ZipCode"/>
        </AdminAreaMap>
    </Country>
    <Country name="BGR" equivalent="BLR,DNK,EST,HRV,IMN,IRL,ISL,KOS,LIE,LVA,MDA,MKD,MLT,NLD,NOR,PRT,ROU,SVN,SWE,TUR,UKR">
        <AdminAreaMap>
            <Admin type="A0" value="Country"/>
            <Admin type="A1" value="State"/>
            <Admin type="A8" value="City"/>
            <Admin type="PA" value="SubCity"/>
            <Admin type="PB" value="LocalCity"/>
            <Admin type="PC" value="ZipCode"/>
        </AdminAreaMap>
    </Country>
    <Country name="AND" equivalent="GIB,MCO,MNE,SMR,VAT">
        <AdminAreaMap>
            <Admin type="A0" value="Country"/>
            <Admin type="A8" value="City"/>
            <Admin type="PA" value="SubCity"/>
            <Admin type="PB" value="LocalCity"/>
            <Admin type="PC" value="ZipCode"/>
        </AdminAreaMap>
    </Country>
    <!--IND-->
    <Country name="IND" equivalent="">
        <AdminAreaMap>
            <Admin type="A0" value="Country"/>
            <Admin type="A1" value="State"/>
            <Admin type="A2" value="SubState"/>
            <Admin type="A8" value="City"/>
            <Admin type="PA" value="SubCity"/>
            <Admin type="PB" value="LocalCity"/>
            <Admin type="PC" value="ZipCode"/>
        </AdminAreaMap>
    </Country>
    <!--MEA-->
    <Country name="LBN" equivalent="MAR">
        <AdminAreaMap>
            <Admin type="A0" value="Country"/>
            <Admin type="A1" value="State"/>
            <Admin type="A2" value="SubState"/>
            <Admin type="A8" value="City"/>
            <Admin type="PA" value="SubCity"/>
            <Admin type="PB" value="LocalCity"/>
            <Admin type="PC" value="ZipCode"/>
        </AdminAreaMap>
    </Country>
    <Country name="ARE" equivalent="BHR,EGY,JOR,KWT,OMN,QAT,SAU">
        <AdminAreaMap>
            <Admin type="A0" value="Country"/>
            <Admin type="A1" value="State"/>
            <Admin type="A8" value="City"/>
            <Admin type="PA" value="SubCity"/>
            <Admin type="PB" value="LocalCity"/>
            <Admin type="PC" value="ZipCode"/>
        </AdminAreaMap>
    </Country>
    <!--MEA2-->
    <Country name="ISR" equivalent="SYR">
        <AdminAreaMap>
            <Admin type="A0" value="Country"/>
            <Admin type="A1" value="State"/>
            <Admin type="A8" value="City"/>
            <Admin type="PA" value="SubCity"/>
            <Admin type="PB" value="LocalCity"/>
            <Admin type="PC" value="ZipCode"/>
        </AdminAreaMap>
    </Country>
    <!--NA-->
    <Country name="CAN" equivalent="">
        <AdminAreaMap>
            <Admin type="A0" value="Country"/>
            <Admin type="A1" value="State"/>
            <Admin type="A2" value="SubState"/>
            <Admin type="A8" value="City"/>
            <Admin type="PA" value="SubCity"/>
            <Admin type="PB" value="LocalCity"/>
            <Admin type="PC" value="ZipCode"/>
        </AdminAreaMap>
    </Country>
    <Country name="MEX" equivalent="">
        <AdminAreaMap>
            <Admin type="A0" value="Country"/>
            <Admin type="A1" value="State"/>
            <Admin type="A8" value="City"/>
            <Admin type="PA" value="SubCity"/>
            <Admin type="PB" value="LocalCity"/>
            <Admin type="PC" value="ZipCode"/>
        </AdminAreaMap>
    </Country>
    <Country name="USA" equivalent="">
        <AdminAreaMap>
            <Admin type="A0" value="Country"/>
            <Admin type="A1" value="State"/>
            <Admin type="A8" value="SubState"/>
            <Admin type="PA" value="City"/>
            <Admin type="PB" value="SubCity"/>
            <Admin type="PC" value="ZipCode"/>
        </AdminAreaMap>
    </Country>
    <!--SA-->
    <Country name="CHL" equivalent="">
        <AdminAreaMap>
            <Admin type="A0" value="Country"/>
            <Admin type="A1" value="State"/>
            <Admin type="A2" value="SubState"/>
            <Admin type="A8" value="City"/>
            <Admin type="PA" value="SubCity"/>
            <Admin type="PB" value="LocalCity"/>
            <Admin type="PC" value="ZipCode"/>
        </AdminAreaMap>
    </Country>
    <Country name="ARG" equivalent="COL,PER,VEN">
        <AdminAreaMap>
            <Admin type="A0" value="Country"/>
            <Admin type="A1" value="State"/>
            <Admin type="A8" value="City"/>
            <Admin type="PA" value="SubCity"/>
            <Admin type="PB" value="LocalCity"/>
            <Admin type="PC" value="ZipCode"/>
        </AdminAreaMap>
    </Country>
    <Country name="BRA" equivalent="">
        <AdminAreaMap>
            <Admin type="A0" value="Country"/>
            <Admin type="A2" value="State"/>
            <Admin type="A8" value="City"/>
            <Admin type="PA" value="SubCity"/>
            <Admin type="PB" value="LocalCity"/>
            <Admin type="PC" value="ZipCode"/>
        </AdminAreaMap>
    </Country>
    <Country name="URY" equivalent="">
        <AdminAreaMap>
            <Admin type="A0" value="Country"/>
            <Admin type="A8" value="State"/>
            <Admin type="A8" value="City"/>
            <Admin type="PA" value="SubCity"/>
            <Admin type="PB" value="LocalCity"/>
            <Admin type="PC" value="ZipCode"/>
        </AdminAreaMap>
    </Country>
    <!--SEA-->
    <Country name="IDN" equivalent="MYS,PHL">
        <AdminAreaMap>
            <Admin type="A0" value="Country"/>
            <Admin type="A1" value="State"/>
            <Admin type="A2" value="SubState"/>
            <Admin type="A8" value="City"/>
            <Admin type="PA" value="SubCity"/>
            <Admin type="PB" value="LocalCity"/>
            <Admin type="PC" value="ZipCode"/>
        </AdminAreaMap>
    </Country>
    <Country name="THA" equivalent="VNM">
        <AdminAreaMap>
            <Admin type="A0" value="Country"/>
            <Admin type="A1" value="State"/>
            <Admin type="A8" value="City"/>
            <Admin type="PA" value="SubCity"/>
            <Admin type="PB" value="LocalCity"/>
            <Admin type="PC" value="ZipCode"/>
        </AdminAreaMap>
    </Country>
    <Country name="BRN" equivalent="SGP">
        <AdminAreaMap>
            <Admin type="A0" value="Country"/>
            <Admin type="A1" value="SubState"/>
            <Admin type="A8" value="City"/>
            <Admin type="PA" value="SubCity"/>
            <Admin type="PB" value="LocalCity"/>
            <Admin type="PC" value="ZipCode"/>
        </AdminAreaMap>
    </Country>
    <!--TW-->
    <Country name="TWN" equivalent="">
        <AdminAreaMap>
            <Admin type="A0" value="Country"/>
            <Admin type="A8" value="City"/>
            <Admin type="PA" value="SubCity"/>
            <Admin type="PB" value="LocalCity"/>
            <Admin type="PC" value="ZipCode"/>
        </AdminAreaMap>
    </Country>
</CountryProfiles>
