[
    {
        "name":"ANZ_HERE_16Q1",
        "region":"ANZ",
        "data_path":"/var/www/html/ec_latest_builds/DENALI_PBF/ANZ_HERE_16Q1",
        "data_list":[
            {
                "name":"DENALI_PBF-ANZ_HERE_16Q1-AdaptorG2_UniDB_1.0.0.456374-20170629072933-RC",
                "data_type":"RC",
                "data_path":"/var/www/html/ec_latest_builds/DENALI_PBF/ANZ_HERE_16Q1/DENALI_PBF-ANZ_HERE_16Q1-AdaptorG2_UniDB_1.0.0.456374-20170629072933-RC",
                "data_size":3936366451,
                "data_pretty_size":"3.67 GB",
                "data_time":"20170629072933"
            }
        ],
        "version":"16Q1",
        "pbf_pretty_size":"3.67 GB",
        "size":3936366451
    },
    {
        "name":"ANZ_HERE_16Q4",
        "region":"ANZ",
        "data_path":"/var/www/html/ec_latest_builds/DENALI_PBF/ANZ_HERE_16Q4",
        "data_list":[
            {
                "name":"DENALI_PBF-ANZ_HERE_16Q4-AdaptorG2_UniDB_1.0.0.470618-20170114204118-RC",
                "data_type":"RC",
                "data_path":"/var/www/html/ec_latest_builds/DENALI_PBF/ANZ_HERE_16Q4/DENALI_PBF-ANZ_HERE_16Q4-AdaptorG2_UniDB_1.0.0.470618-20170114204118-RC",
                "data_size":4856169281,
                "data_pretty_size":"4.52 GB",
                "data_time":"20170114204118"
            }
        ],
        "version":"16Q4",
        "pbf_pretty_size":"4.52 GB",
        "size":4856169281
    },
    {
        "name":"ANZ_HERE_17Q1",
        "region":"ANZ",
        "data_path":"/var/www/html/ec_latest_builds/DENALI_PBF/ANZ_HERE_17Q1",
        "data_list":[
            {
                "name":"DENALI_PBF-ANZ_HERE_17Q1-AdaptorG2_UniDB_1.0.0.489344-20170419012913-RC",
                "data_type":"RC",
                "data_path":"/var/www/html/ec_latest_builds/DENALI_PBF/ANZ_HERE_17Q1/DENALI_PBF-ANZ_HERE_17Q1-AdaptorG2_UniDB_1.0.0.489344-20170419012913-RC",
                "data_size":14015615035,
                "data_pretty_size":"13.05 GB",
                "data_time":"20170419012913"
            }
        ],
        "version":"17Q1",
        "pbf_pretty_size":"13.05 GB",
        "size":14015615035
    },
    {
        "name":"ANZ_HERE_17Q2",
        "region":"ANZ",
        "data_path":"/var/www/html/ec_latest_builds/DENALI_PBF/ANZ_HERE_17Q2",
        "data_list":[
            {
                "name":"DENALI_PBF-ANZ_HERE_17Q2-AdaptorG2_UniDB_1.0.0.496574-20170712230959-RC",
                "data_type":"RC",
                "data_path":"/var/www/html/ec_latest_builds/DENALI_PBF/ANZ_HERE_17Q2/DENALI_PBF-ANZ_HERE_17Q2-AdaptorG2_UniDB_1.0.0.496574-20170712230959-RC",
                "data_size":5511235300,
                "data_pretty_size":"5.13 GB",
                "data_time":"20170712230959"
            },
            {
                "name":"DENALI_PBF-ANZ_HERE_17Q2-AdaptorG2_UniDB_1.0.0.500044-20170719183538-RC",
                "data_type":"RC",
                "data_path":"/var/www/html/ec_latest_builds/DENALI_PBF/ANZ_HERE_17Q2/DENALI_PBF-ANZ_HERE_17Q2-AdaptorG2_UniDB_1.0.0.500044-20170719183538-RC",
                "data_size":5610181836,
                "data_pretty_size":"5.22 GB",
                "data_time":"20170719183538"
            }
        ],
        "version":"17Q2",
        "pbf_pretty_size":"10.36 GB",
        "size":11121417136
    },
    {
        "name":"ANZ_HERE_17Q3",
        "region":"ANZ",
        "data_path":"/var/www/html/ec_latest_builds/DENALI_PBF/ANZ_HERE_17Q3",
        "data_list":[
            {
                "name":"DENALI_PBF-ANZ_HERE_17Q3-AdaptorG2_UniDB_1.0.0.515287-20171011030300-RC",
                "data_type":"RC",
                "data_path":"/var/www/html/ec_latest_builds/DENALI_PBF/ANZ_HERE_17Q3/DENALI_PBF-ANZ_HERE_17Q3-AdaptorG2_UniDB_1.0.0.515287-20171011030300-RC",
                "data_size":6848262962,
                "data_pretty_size":"6.38 GB",
                "data_time":"20171011030300"
            },
            {
                "name":"DENALI_PBF-ANZ_HERE_17Q3-AdaptorG2_UniDB_1.0.0.522138-20171122184753-TEST",
                "data_type":"TEST",
                "data_path":"/var/www/html/ec_latest_builds/DENALI_PBF/ANZ_HERE_17Q3/DENALI_PBF-ANZ_HERE_17Q3-AdaptorG2_UniDB_1.0.0.522138-20171122184753-TEST",
                "data_size":3993390490,
                "data_pretty_size":"3.72 GB",
                "data_time":"20171122184753"
            },
            {
                "name":"DENALI_PBF-ANZ_HERE_17Q3-AdaptorG2_UniDB_1.0.0.522293-20171206223730-TEST",
                "data_type":"TEST",
                "data_path":"/var/www/html/ec_latest_builds/DENALI_PBF/ANZ_HERE_17Q3/DENALI_PBF-ANZ_HERE_17Q3-AdaptorG2_UniDB_1.0.0.522293-20171206223730-TEST",
                "data_size":3993399822,
                "data_pretty_size":"3.72 GB",
                "data_time":"20171206223730"
            },
            {
                "name":"DENALI_PBF-ANZ_HERE_17Q3-AdaptorG2_UniDB_1.0.0.522293-20171219005133-TEST",
                "data_type":"TEST",
                "data_path":"/var/www/html/ec_latest_builds/DENALI_PBF/ANZ_HERE_17Q3/DENALI_PBF-ANZ_HERE_17Q3-AdaptorG2_UniDB_1.0.0.522293-20171219005133-TEST",
                "data_size":3950300877,
                "data_pretty_size":"3.68 GB",
                "data_time":"20171219005133"
            },
            {
                "name":"DENALI_PBF-ANZ_HERE_17Q3-AdaptorG2_UniDB_1.0.0.522293-20171219225008-TEST",
                "data_type":"TEST",
                "data_path":"/var/www/html/ec_latest_builds/DENALI_PBF/ANZ_HERE_17Q3/DENALI_PBF-ANZ_HERE_17Q3-AdaptorG2_UniDB_1.0.0.522293-20171219225008-TEST",
                "data_size":3993276912,
                "data_pretty_size":"3.72 GB",
                "data_time":"20171219225008"
            },
            {
                "name":"DENALI_PBF-ANZ_HERE_17Q3-AdaptorG2_UniDB_1.0.0.522293-20171221014208-TEST",
                "data_type":"TEST",
                "data_path":"/var/www/html/ec_latest_builds/DENALI_PBF/ANZ_HERE_17Q3/DENALI_PBF-ANZ_HERE_17Q3-AdaptorG2_UniDB_1.0.0.522293-20171221014208-TEST",
                "data_size":3993251295,
                "data_pretty_size":"3.72 GB",
                "data_time":"20171221014208"
            }
        ],
        "version":"17Q3",
        "pbf_pretty_size":"24.93 GB",
        "size":26771882358
    },
    {
        "name":"ANZ_HERE_17Q4",
        "region":"ANZ",
        "data_path":"/var/www/html/ec_latest_builds/DENALI_PBF/ANZ_HERE_17Q4",
        "data_list":[
            {
                "name":"DENALI_PBF-ANZ_HERE_17Q4-AdaptorG2_UniDB_1.0.0.524754-20171225011414-RC",
                "data_type":"RC",
                "data_path":"/var/www/html/ec_latest_builds/DENALI_PBF/ANZ_HERE_17Q4/DENALI_PBF-ANZ_HERE_17Q4-AdaptorG2_UniDB_1.0.0.524754-20171225011414-RC",
                "data_size":7107733367,
                "data_pretty_size":"6.62 GB",
                "data_time":"20171225011414"
            },
            {
                "name":"DENALI_PBF-ANZ_HERE_17Q4-AdaptorG2_UniDB_1.0.0.524754-20180102184625-RC",
                "data_type":"RC",
                "data_path":"/var/www/html/ec_latest_builds/DENALI_PBF/ANZ_HERE_17Q4/DENALI_PBF-ANZ_HERE_17Q4-AdaptorG2_UniDB_1.0.0.524754-20180102184625-RC",
                "data_size":5798436946,
                "data_pretty_size":"5.40 GB",
                "data_time":"20180102184625"
            },
            {
                "name":"DENALI_PBF-ANZ_HERE_17Q4-AdaptorG2_UniDB_1.0.0.524754-20180109213957-TEST",
                "data_type":"TEST",
                "data_path":"/var/www/html/ec_latest_builds/DENALI_PBF/ANZ_HERE_17Q4/DENALI_PBF-ANZ_HERE_17Q4-AdaptorG2_UniDB_1.0.0.524754-20180109213957-TEST",
                "data_size":5799012054,
                "data_pretty_size":"5.40 GB",
                "data_time":"20180109213957"
            }
        ],
        "version":"17Q4",
        "pbf_pretty_size":"17.42 GB",
        "size":18705182367
    },
    {
        "name":"EU_HERE_16Q4",
        "region":"EU",
        "data_path":"/var/www/html/ec_latest_builds/DENALI_PBF/EU_HERE_16Q4",
        "data_list":[
            {
                "name":"DENALI_PBF-EU_HERE_16Q4-AdaptorG2_UniDB_1.0.0.470618-20170122070438-RC-TURKEY",
                "data_type":"RC",
                "data_path":"/var/www/html/ec_latest_builds/DENALI_PBF/EU_HERE_16Q4/DENALI_PBF-EU_HERE_16Q4-AdaptorG2_UniDB_1.0.0.470618-20170122070438-RC-TURKEY",
                "data_size":9972817037,
                "data_pretty_size":"9.29 GB",
                "data_time":"20170122070438"
            },
            {
                "name":"DENALI_PBF-EU_HERE_16Q4-AdaptorG2_UniDB_1.0.0.470618-20170122192525-RC",
                "data_type":"RC",
                "data_path":"/var/www/html/ec_latest_builds/DENALI_PBF/EU_HERE_16Q4/DENALI_PBF-EU_HERE_16Q4-AdaptorG2_UniDB_1.0.0.470618-20170122192525-RC",
                "data_size":93224525336,
                "data_pretty_size":"86.82 GB",
                "data_time":"20170122192525"
            },
            {
                "name":"DENALI_PBF-EU_HERE_16Q4-AdaptorG2_UniDB_1.0.0.470618-20170322064358-RC-TURKEY",
                "data_type":"RC",
                "data_path":"/var/www/html/ec_latest_builds/DENALI_PBF/EU_HERE_16Q4/DENALI_PBF-EU_HERE_16Q4-AdaptorG2_UniDB_1.0.0.470618-20170322064358-RC-TURKEY",
                "data_size":10018914426,
                "data_pretty_size":"9.33 GB",
                "data_time":"20170322064358"
            }
        ],
        "version":"16Q4",
        "pbf_pretty_size":"105.44 GB",
        "size":113216256799
    },
    {
        "name":"EU_HERE_17Q1",
        "region":"EU",
        "data_path":"/var/www/html/ec_latest_builds/DENALI_PBF/EU_HERE_17Q1",
        "data_list":[
            {
                "name":"DENALI_PBF-EU_HERE_17Q1-AdaptorG2_UniDB_1.0.0.477938-20170215074604-RC",
                "data_type":"RC",
                "data_path":"/var/www/html/ec_latest_builds/DENALI_PBF/EU_HERE_17Q1/DENALI_PBF-EU_HERE_17Q1-AdaptorG2_UniDB_1.0.0.477938-20170215074604-RC",
                "data_size":94654520302,
                "data_pretty_size":"88.15 GB",
                "data_time":"20170215074604"
            },
            {
                "name":"DENALI_PBF-EU_HERE_17Q1-AdaptorG2_UniDB_1.0.0.477938-20170216072742-RC-TURKEY",
                "data_type":"RC",
                "data_path":"/var/www/html/ec_latest_builds/DENALI_PBF/EU_HERE_17Q1/DENALI_PBF-EU_HERE_17Q1-AdaptorG2_UniDB_1.0.0.477938-20170216072742-RC-TURKEY",
                "data_size":10225168921,
                "data_pretty_size":"9.52 GB",
                "data_time":"20170216072742"
            }
        ],
        "version":"17Q1",
        "pbf_pretty_size":"97.68 GB",
        "size":104879689223
    },
    {
        "name":"EU_HERE_17Q2",
        "region":"EU",
        "data_path":"/var/www/html/ec_latest_builds/DENALI_PBF/EU_HERE_17Q2",
        "data_list":[
            {
                "name":"DENALI_PBF-EU_HERE_17Q2-AdaptorG2_UniDB_1.0.0.496574-20170626184938-RC",
                "data_type":"RC",
                "data_path":"/var/www/html/ec_latest_builds/DENALI_PBF/EU_HERE_17Q2/DENALI_PBF-EU_HERE_17Q2-AdaptorG2_UniDB_1.0.0.496574-20170626184938-RC",
                "data_size":101745843005,
                "data_pretty_size":"94.76 GB",
                "data_time":"20170626184938"
            },
            {
                "name":"DENALI_PBF-EU_HERE_17Q2-AdaptorG2_UniDB_1.0.0.496574-20170715230341-RC-TURKEY",
                "data_type":"RC",
                "data_path":"/var/www/html/ec_latest_builds/DENALI_PBF/EU_HERE_17Q2/DENALI_PBF-EU_HERE_17Q2-AdaptorG2_UniDB_1.0.0.496574-20170715230341-RC-TURKEY",
                "data_size":10882669425,
                "data_pretty_size":"10.14 GB",
                "data_time":"20170715230341"
            },
            {
                "name":"DENALI_PBF-EU_HERE_17Q2-AdaptorG2_UniDB_1.0.0.496574-20171016202323-RC-TURKEY",
                "data_type":"RC",
                "data_path":"/var/www/html/ec_latest_builds/DENALI_PBF/EU_HERE_17Q2/DENALI_PBF-EU_HERE_17Q2-AdaptorG2_UniDB_1.0.0.496574-20171016202323-RC-TURKEY",
                "data_size":8498758806,
                "data_pretty_size":"7.92 GB",
                "data_time":"20171016202323"
            },
            {
                "name":"DENALI_PBF-EU_HERE_17Q2-AdaptorG2_UniDB_1.0.0.496574-20171017025639-RC-TURKEY",
                "data_type":"RC",
                "data_path":"/var/www/html/ec_latest_builds/DENALI_PBF/EU_HERE_17Q2/DENALI_PBF-EU_HERE_17Q2-AdaptorG2_UniDB_1.0.0.496574-20171017025639-RC-TURKEY",
                "data_size":10813053226,
                "data_pretty_size":"10.07 GB",
                "data_time":"20171017025639"
            }
        ],
        "version":"17Q2",
        "pbf_pretty_size":"122.88 GB",
        "size":131940324462
    },
    {
        "name":"EU_HERE_17Q3",
        "region":"EU",
        "data_path":"/var/www/html/ec_latest_builds/DENALI_PBF/EU_HERE_17Q3",
        "data_list":[
            {
                "name":"DENALI_PBF-EU_HERE_17Q3-AdaptorG2_UniDB_1.0.0.513888-20170929193626-RC",
                "data_type":"RC",
                "data_path":"/var/www/html/ec_latest_builds/DENALI_PBF/EU_HERE_17Q3/DENALI_PBF-EU_HERE_17Q3-AdaptorG2_UniDB_1.0.0.513888-20170929193626-RC",
                "data_size":132170611035,
                "data_pretty_size":"123.09 GB",
                "data_time":"20170929193626"
            },
            {
                "name":"DENALI_PBF-EU_HERE_17Q3-AdaptorG2_UniDB_1.0.0.513158-20171005042224-RC-TURKEY",
                "data_type":"RC",
                "data_path":"/var/www/html/ec_latest_builds/DENALI_PBF/EU_HERE_17Q3/DENALI_PBF-EU_HERE_17Q3-AdaptorG2_UniDB_1.0.0.513158-20171005042224-RC-TURKEY",
                "data_size":12097848766,
                "data_pretty_size":"11.27 GB",
                "data_time":"20171005042224"
            }
        ],
        "version":"17Q3",
        "pbf_pretty_size":"134.36 GB",
        "size":144268459801
    },
    {
        "name":"EU_HERE_17Q4",
        "region":"EU",
        "data_path":"/var/www/html/ec_latest_builds/DENALI_PBF/EU_HERE_17Q4",
        "data_list":[
            {
                "name":"DENALI_PBF-EU_HERE_17Q4-AdaptorG2_UniDB_1.0.0.522408-20171204223754-RC",
                "data_type":"RC",
                "data_path":"/var/www/html/ec_latest_builds/DENALI_PBF/EU_HERE_17Q4/DENALI_PBF-EU_HERE_17Q4-AdaptorG2_UniDB_1.0.0.522408-20171204223754-RC",
                "data_size":131336523563,
                "data_pretty_size":"122.32 GB",
                "data_time":"20171204223754"
            },
            {
                "name":"DENALI_PBF-EU_HERE_17Q4-AdaptorG2_UniDB_1.0.0.523239-20171212190711-RC-TURKEY",
                "data_type":"RC",
                "data_path":"/var/www/html/ec_latest_builds/DENALI_PBF/EU_HERE_17Q4/DENALI_PBF-EU_HERE_17Q4-AdaptorG2_UniDB_1.0.0.523239-20171212190711-RC-TURKEY",
                "data_size":12651801608,
                "data_pretty_size":"11.78 GB",
                "data_time":"20171212190711"
            }
        ],
        "version":"17Q4",
        "pbf_pretty_size":"134.10 GB",
        "size":143988325171
    },
    {
        "name":"IND_HERE_17Q1",
        "region":"IND",
        "data_path":"/var/www/html/ec_latest_builds/DENALI_PBF/IND_HERE_17Q1",
        "data_list":[
            {
                "name":"DENALI_PBF-IND_HERE_17Q1-AdaptorG2_UniDB_1.0.0.491998-20170504023928-TEST",
                "data_type":"TEST",
                "data_path":"/var/www/html/ec_latest_builds/DENALI_PBF/IND_HERE_17Q1/DENALI_PBF-IND_HERE_17Q1-AdaptorG2_UniDB_1.0.0.491998-20170504023928-TEST",
                "data_size":11534039743,
                "data_pretty_size":"10.74 GB",
                "data_time":"20170504023928"
            }
        ],
        "version":"17Q1",
        "pbf_pretty_size":"10.74 GB",
        "size":11534039743
    },
    {
        "name":"MEA_HERE_17Q1",
        "region":"MEA",
        "data_path":"/var/www/html/ec_latest_builds/DENALI_PBF/MEA_HERE_17Q1",
        "data_list":[
            {
                "name":"DENALI_PBF-MEA_HERE_17Q1-AdaptorG2_UniDB_1.0.0.488758-20170417012440-RC",
                "data_type":"RC",
                "data_path":"/var/www/html/ec_latest_builds/DENALI_PBF/MEA_HERE_17Q1/DENALI_PBF-MEA_HERE_17Q1-AdaptorG2_UniDB_1.0.0.488758-20170417012440-RC",
                "data_size":8704707104,
                "data_pretty_size":"8.11 GB",
                "data_time":"20170417012440"
            },
            {
                "name":"DENALI_PBF-MEA_HERE_17Q1-AdaptorG2_UniDB_1.0.0.495391-20170526192435-RC",
                "data_type":"RC",
                "data_path":"/var/www/html/ec_latest_builds/DENALI_PBF/MEA_HERE_17Q1/DENALI_PBF-MEA_HERE_17Q1-AdaptorG2_UniDB_1.0.0.495391-20170526192435-RC",
                "data_size":9086930448,
                "data_pretty_size":"8.46 GB",
                "data_time":"20170526192435"
            }
        ],
        "version":"17Q1",
        "pbf_pretty_size":"16.57 GB",
        "size":17791637552
    },
    {
        "name":"MEA_HERE_17Q2",
        "region":"MEA",
        "data_path":"/var/www/html/ec_latest_builds/DENALI_PBF/MEA_HERE_17Q2",
        "data_list":[
            {
                "name":"DENALI_PBF-MEA_HERE_17Q2-AdaptorG2_UniDB_1.0.0.496574-20170711223909-RC",
                "data_type":"RC",
                "data_path":"/var/www/html/ec_latest_builds/DENALI_PBF/MEA_HERE_17Q2/DENALI_PBF-MEA_HERE_17Q2-AdaptorG2_UniDB_1.0.0.496574-20170711223909-RC",
                "data_size":10098657763,
                "data_pretty_size":"9.41 GB",
                "data_time":"20170711223909"
            }
        ],
        "version":"17Q2",
        "pbf_pretty_size":"9.41 GB",
        "size":10098657763
    },
    {
        "name":"MEA_HERE_17Q3",
        "region":"MEA",
        "data_path":"/var/www/html/ec_latest_builds/DENALI_PBF/MEA_HERE_17Q3",
        "data_list":[
            {
                "name":"DENALI_PBF-MEA_HERE_17Q3-AdaptorG2_UniDB_1.0.0.515772-20171013002550-RC",
                "data_type":"RC",
                "data_path":"/var/www/html/ec_latest_builds/DENALI_PBF/MEA_HERE_17Q3/DENALI_PBF-MEA_HERE_17Q3-AdaptorG2_UniDB_1.0.0.515772-20171013002550-RC",
                "data_size":10230778932,
                "data_pretty_size":"9.53 GB",
                "data_time":"20171013002550"
            }
        ],
        "version":"17Q3",
        "pbf_pretty_size":"9.53 GB",
        "size":10230778932
    },
    {
        "name":"MEA_HERE_17Q4",
        "region":"MEA",
        "data_path":"/var/www/html/ec_latest_builds/DENALI_PBF/MEA_HERE_17Q4",
        "data_list":[
            {
                "name":"DENALI_PBF-MEA_HERE_17Q4-AdaptorG2_UniDB_1.0.0.524754-20171225050158-RC",
                "data_type":"RC",
                "data_path":"/var/www/html/ec_latest_builds/DENALI_PBF/MEA_HERE_17Q4/DENALI_PBF-MEA_HERE_17Q4-AdaptorG2_UniDB_1.0.0.524754-20171225050158-RC",
                "data_size":13266873146,
                "data_pretty_size":"12.36 GB",
                "data_time":"20171225050158"
            }
        ],
        "version":"17Q4",
        "pbf_pretty_size":"12.36 GB",
        "size":13266873146
    },
    {
        "name":"MEA_NT_14Q3",
        "region":"MEA",
        "data_path":"/var/www/html/ec_latest_builds/DENALI_PBF/MEA_NT_14Q3",
        "data_list":[],
        "version":"14Q3",
        "pbf_pretty_size":"0.0 Byte",
        "size":0
    },
    {
        "name":"MEA_NT_15Q1",
        "region":"MEA",
        "data_path":"/var/www/html/ec_latest_builds/DENALI_PBF/MEA_NT_15Q1",
        "data_list":[
            {
                "name":"DENALI_PBF-MEA_NT_15Q1-AdaptorG2_UniDB_1.0.0.399984-20150916022133-RC",
                "data_type":"RC",
                "data_path":"/var/www/html/ec_latest_builds/DENALI_PBF/MEA_NT_15Q1/DENALI_PBF-MEA_NT_15Q1-AdaptorG2_UniDB_1.0.0.399984-20150916022133-RC",
                "data_size":4494289693,
                "data_pretty_size":"4.19 GB",
                "data_time":"20150916022133"
            },
            {
                "name":"DENALI_PBF-MEA_NT_15Q1-AdaptorG2_UniDB_1.0.0.401613-20150923011359-RC",
                "data_type":"RC",
                "data_path":"/var/www/html/ec_latest_builds/DENALI_PBF/MEA_NT_15Q1/DENALI_PBF-MEA_NT_15Q1-AdaptorG2_UniDB_1.0.0.401613-20150923011359-RC",
                "data_size":4796062587,
                "data_pretty_size":"4.47 GB",
                "data_time":"20150923011359"
            },
            {
                "name":"DENALI_PBF-MEA_NT_15Q1-AdaptorG2_UniDB_1.0.0.401669-20150923071239-RC",
                "data_type":"RC",
                "data_path":"/var/www/html/ec_latest_builds/DENALI_PBF/MEA_NT_15Q1/DENALI_PBF-MEA_NT_15Q1-AdaptorG2_UniDB_1.0.0.401669-20150923071239-RC",
                "data_size":4800461867,
                "data_pretty_size":"4.47 GB",
                "data_time":"20150923071239"
            },
            {
                "name":"DENALI_PBF-MEA_NT_15Q1-AdaptorG2_UniDB_1.0.0.406095-20151018231704-RC",
                "data_type":"RC",
                "data_path":"/var/www/html/ec_latest_builds/DENALI_PBF/MEA_NT_15Q1/DENALI_PBF-MEA_NT_15Q1-AdaptorG2_UniDB_1.0.0.406095-20151018231704-RC",
                "data_size":4853700292,
                "data_pretty_size":"4.52 GB",
                "data_time":"20151018231704"
            },
            {
                "name":"DENALI_PBF-MEA_NT_15Q1-AdaptorG2_UniDB_1.0.0.407551-20151026040530-RC",
                "data_type":"RC",
                "data_path":"/var/www/html/ec_latest_builds/DENALI_PBF/MEA_NT_15Q1/DENALI_PBF-MEA_NT_15Q1-AdaptorG2_UniDB_1.0.0.407551-20151026040530-RC",
                "data_size":4853077532,
                "data_pretty_size":"4.52 GB",
                "data_time":"20151026040530"
            }
        ],
        "version":"15Q1",
        "pbf_pretty_size":"22.16 GB",
        "size":23797591971
    },
    {
        "name":"MEA_NT_16Q1",
        "region":"MEA",
        "data_path":"/var/www/html/ec_latest_builds/DENALI_PBF/MEA_NT_16Q1",
        "data_list":[
            {
                "name":"DENALI_PBF-MEA_NT_16Q1-AdaptorG2_UniDB_1.0.0.432271-20160412223324-RC",
                "data_type":"RC",
                "data_path":"/var/www/html/ec_latest_builds/DENALI_PBF/MEA_NT_16Q1/DENALI_PBF-MEA_NT_16Q1-AdaptorG2_UniDB_1.0.0.432271-20160412223324-RC",
                "data_size":2851878787,
                "data_pretty_size":"2.66 GB",
                "data_time":"20160412223324"
            },
            {
                "name":"DENALI_PBF-MEA_NT_16Q1-AdaptorG2_UniDB_1.0.0.432271-20160414191341-RC",
                "data_type":"RC",
                "data_path":"/var/www/html/ec_latest_builds/DENALI_PBF/MEA_NT_16Q1/DENALI_PBF-MEA_NT_16Q1-AdaptorG2_UniDB_1.0.0.432271-20160414191341-RC",
                "data_size":2851876130,
                "data_pretty_size":"2.66 GB",
                "data_time":"20160414191341"
            },
            {
                "name":"DENALI_PBF-MEA_NT_16Q1-AdaptorG2_UniDB_1.0.0.450591-20160807185351-RC",
                "data_type":"RC",
                "data_path":"/var/www/html/ec_latest_builds/DENALI_PBF/MEA_NT_16Q1/DENALI_PBF-MEA_NT_16Q1-AdaptorG2_UniDB_1.0.0.450591-20160807185351-RC",
                "data_size":5702861722,
                "data_pretty_size":"5.31 GB",
                "data_time":"20160807185351"
            },
            {
                "name":"DENALI_PBF-MEA_NT_16Q1-AdaptorG2_UniDB_1.0.0.466117-20161116172901-RC",
                "data_type":"RC",
                "data_path":"/var/www/html/ec_latest_builds/DENALI_PBF/MEA_NT_16Q1/DENALI_PBF-MEA_NT_16Q1-AdaptorG2_UniDB_1.0.0.466117-20161116172901-RC",
                "data_size":5378625008,
                "data_pretty_size":"5.01 GB",
                "data_time":"20161116172901"
            },
            {
                "name":"DENALI_PBF-MEA_NT_16Q1-AdaptorG2_UniDB_1.0.0.467919-20161205230752-RC",
                "data_type":"RC",
                "data_path":"/var/www/html/ec_latest_builds/DENALI_PBF/MEA_NT_16Q1/DENALI_PBF-MEA_NT_16Q1-AdaptorG2_UniDB_1.0.0.467919-20161205230752-RC",
                "data_size":5657903909,
                "data_pretty_size":"5.27 GB",
                "data_time":"20161205230752"
            }
        ],
        "version":"16Q1",
        "pbf_pretty_size":"20.90 GB",
        "size":22443145556
    },
    {
        "name":"NA_HERE_16Q4",
        "region":"NA",
        "data_path":"/var/www/html/ec_latest_builds/DENALI_PBF/NA_HERE_16Q4",
        "data_list":[
            {
                "name":"DENALI_PBF-NA_HERE_16Q4-AdaptorG2_UniDB_1.0.0.470618-20170116213616-RC",
                "data_type":"RC",
                "data_path":"/var/www/html/ec_latest_builds/DENALI_PBF/NA_HERE_16Q4/DENALI_PBF-NA_HERE_16Q4-AdaptorG2_UniDB_1.0.0.470618-20170116213616-RC",
                "data_size":55459969561,
                "data_pretty_size":"51.65 GB",
                "data_time":"20170116213616"
            }
        ],
        "version":"16Q4",
        "pbf_pretty_size":"51.65 GB",
        "size":55459969561
    },
    {
        "name":"NA_HERE_17Q1",
        "region":"NA",
        "data_path":"/var/www/html/ec_latest_builds/DENALI_PBF/NA_HERE_17Q1",
        "data_list":[
            {
                "name":"DENALI_PBF-NA_HERE_17Q1-AdaptorG2_UniDB_1.0.0.477938-20170207020603-RC",
                "data_type":"RC",
                "data_path":"/var/www/html/ec_latest_builds/DENALI_PBF/NA_HERE_17Q1/DENALI_PBF-NA_HERE_17Q1-AdaptorG2_UniDB_1.0.0.477938-20170207020603-RC",
                "data_size":55882035312,
                "data_pretty_size":"52.04 GB",
                "data_time":"20170207020603"
            }
        ],
        "version":"17Q1",
        "pbf_pretty_size":"52.04 GB",
        "size":55882035312
    },
    {
        "name":"NA_HERE_17Q2",
        "region":"NA",
        "data_path":"/var/www/html/ec_latest_builds/DENALI_PBF/NA_HERE_17Q2",
        "data_list":[
            {
                "name":"DENALI_PBF-NA_HERE_17Q2-AdaptorG2_UniDB_1.0.0.496574-20170705223454-RC",
                "data_type":"RC",
                "data_path":"/var/www/html/ec_latest_builds/DENALI_PBF/NA_HERE_17Q2/DENALI_PBF-NA_HERE_17Q2-AdaptorG2_UniDB_1.0.0.496574-20170705223454-RC",
                "data_size":61492425190,
                "data_pretty_size":"57.27 GB",
                "data_time":"20170705223454"
            }
        ],
        "version":"17Q2",
        "pbf_pretty_size":"57.27 GB",
        "size":61492425190
    },
    {
        "name":"NA_HERE_17Q3",
        "region":"NA",
        "data_path":"/var/www/html/ec_latest_builds/DENALI_PBF/NA_HERE_17Q3",
        "data_list":[
            {
                "name":"DENALI_PBF-NA_HERE_17Q3-AdaptorG2_UniDB_1.0.0.512907-20170925184127-RC",
                "data_type":"RC",
                "data_path":"/var/www/html/ec_latest_builds/DENALI_PBF/NA_HERE_17Q3/DENALI_PBF-NA_HERE_17Q3-AdaptorG2_UniDB_1.0.0.512907-20170925184127-RC",
                "data_size":62209359102,
                "data_pretty_size":"57.94 GB",
                "data_time":"20170925184127"
            }
        ],
        "version":"17Q3",
        "pbf_pretty_size":"57.94 GB",
        "size":62209359102
    },
    {
        "name":"NA_HERE_17Q4",
        "region":"NA",
        "data_path":"/var/www/html/ec_latest_builds/DENALI_PBF/NA_HERE_17Q4",
        "data_list":[
            {
                "name":"DENALI_PBF-NA_HERE_17Q4-AdaptorG2_UniDB_1.0.0.524754-20171220000612-RC",
                "data_type":"RC",
                "data_path":"/var/www/html/ec_latest_builds/DENALI_PBF/NA_HERE_17Q4/DENALI_PBF-NA_HERE_17Q4-AdaptorG2_UniDB_1.0.0.524754-20171220000612-RC",
                "data_size":77810604203,
                "data_pretty_size":"72.47 GB",
                "data_time":"20171220000612"
            }
        ],
        "version":"17Q4",
        "pbf_pretty_size":"72.47 GB",
        "size":77810604203
    },
    {
        "name":"NA_NT_15Q1",
        "region":"NA",
        "data_path":"/var/www/html/ec_latest_builds/DENALI_PBF/NA_NT_15Q1",
        "data_list":[
            {
                "name":"DENALI_PBF-NA_NT_15Q1-AdaptorG2_UniDB_1.0.0.392405-20150812142449-RC",
                "data_type":"RC",
                "data_path":"/var/www/html/ec_latest_builds/DENALI_PBF/NA_NT_15Q1/DENALI_PBF-NA_NT_15Q1-AdaptorG2_UniDB_1.0.0.392405-20150812142449-RC",
                "data_size":10221017233,
                "data_pretty_size":"9.52 GB",
                "data_time":"20150812142449"
            },
            {
                "name":"DENALI_PBF-NA_NT_15Q1-AdaptorG2_UniDB_1.0.0.397086-20150831100445-RC",
                "data_type":"RC",
                "data_path":"/var/www/html/ec_latest_builds/DENALI_PBF/NA_NT_15Q1/DENALI_PBF-NA_NT_15Q1-AdaptorG2_UniDB_1.0.0.397086-20150831100445-RC",
                "data_size":24125415646,
                "data_pretty_size":"22.47 GB",
                "data_time":"20150831100445"
            },
            {
                "name":"DENALI_PBF-NA_NT_15Q1-AdaptorG2_UniDB_1.0.0.392405-20150901112403-RC",
                "data_type":"RC",
                "data_path":"/var/www/html/ec_latest_builds/DENALI_PBF/NA_NT_15Q1/DENALI_PBF-NA_NT_15Q1-AdaptorG2_UniDB_1.0.0.392405-20150901112403-RC",
                "data_size":43672068925,
                "data_pretty_size":"40.67 GB",
                "data_time":"20150901112403"
            },
            {
                "name":"DENALI_PBF-NA_NT_15Q1-AdaptorG2_UniDB_1.0.0.399028-20150912214117-RC",
                "data_type":"RC",
                "data_path":"/var/www/html/ec_latest_builds/DENALI_PBF/NA_NT_15Q1/DENALI_PBF-NA_NT_15Q1-AdaptorG2_UniDB_1.0.0.399028-20150912214117-RC",
                "data_size":10678295944,
                "data_pretty_size":"9.94 GB",
                "data_time":"20150912214117"
            },
            {
                "name":"DENALI_PBF-NA_NT_15Q1-AdaptorG2_UniDB_1.0.0-dnmy17.400140-20150915181906-RC",
                "data_type":"RC",
                "data_path":"/var/www/html/ec_latest_builds/DENALI_PBF/NA_NT_15Q1/DENALI_PBF-NA_NT_15Q1-AdaptorG2_UniDB_1.0.0-dnmy17.400140-20150915181906-RC",
                "data_size":10715690857,
                "data_pretty_size":"9.98 GB",
                "data_time":"20150915181906"
            },
            {
                "name":"DENALI_PBF-NA_NT_15Q1-AdaptorG2_UniDB_1.0.0.400614-20150917164316-RC",
                "data_type":"RC",
                "data_path":"/var/www/html/ec_latest_builds/DENALI_PBF/NA_NT_15Q1/DENALI_PBF-NA_NT_15Q1-AdaptorG2_UniDB_1.0.0.400614-20150917164316-RC",
                "data_size":10695527366,
                "data_pretty_size":"9.96 GB",
                "data_time":"20150917164316"
            },
            {
                "name":"DENALI_PBF-NA_NT_15Q1-AdaptorG2_UniDB_1.0.0.401420-20150922103140-RC",
                "data_type":"RC",
                "data_path":"/var/www/html/ec_latest_builds/DENALI_PBF/NA_NT_15Q1/DENALI_PBF-NA_NT_15Q1-AdaptorG2_UniDB_1.0.0.401420-20150922103140-RC",
                "data_size":20921578804,
                "data_pretty_size":"19.48 GB",
                "data_time":"20150922103140"
            },
            {
                "name":"DENALI_PBF-NA_NT_15Q1-AdaptorG2_UniDB_1.0.0.404886-20151009164327-RC",
                "data_type":"RC",
                "data_path":"/var/www/html/ec_latest_builds/DENALI_PBF/NA_NT_15Q1/DENALI_PBF-NA_NT_15Q1-AdaptorG2_UniDB_1.0.0.404886-20151009164327-RC",
                "data_size":497475738,
                "data_pretty_size":"474.43 MB",
                "data_time":"20151009164327"
            },
            {
                "name":"DENALI_PBF-NA_NT_15Q1-AdaptorG2_UniDB_1.0.0.404886-new-20151009164327-RC",
                "data_type":"RC",
                "data_path":"/var/www/html/ec_latest_builds/DENALI_PBF/NA_NT_15Q1/DENALI_PBF-NA_NT_15Q1-AdaptorG2_UniDB_1.0.0.404886-new-20151009164327-RC",
                "data_size":10676488368,
                "data_pretty_size":"9.94 GB",
                "data_time":"20151009164327"
            },
            {
                "name":"DENALI_PBF-NA_NT_15Q1-AdaptorG2_UniDB_1.0.0.405562-20151013210528-RC",
                "data_type":"RC",
                "data_path":"/var/www/html/ec_latest_builds/DENALI_PBF/NA_NT_15Q1/DENALI_PBF-NA_NT_15Q1-AdaptorG2_UniDB_1.0.0.405562-20151013210528-RC",
                "data_size":44934934099,
                "data_pretty_size":"41.85 GB",
                "data_time":"20151013210528"
            },
            {
                "name":"DENALI_PBF-NA_NT_15Q1-AdaptorG2_UniDB_1.0.0.406095-20151015221623-RC",
                "data_type":"RC",
                "data_path":"/var/www/html/ec_latest_builds/DENALI_PBF/NA_NT_15Q1/DENALI_PBF-NA_NT_15Q1-AdaptorG2_UniDB_1.0.0.406095-20151015221623-RC",
                "data_size":10741852342,
                "data_pretty_size":"10.00 GB",
                "data_time":"20151015221623"
            },
            {
                "name":"DENALI_PBF-NA_NT_15Q1-AdaptorG2_UniDB_1.0.0.407551-20151025220108-RC",
                "data_type":"RC",
                "data_path":"/var/www/html/ec_latest_builds/DENALI_PBF/NA_NT_15Q1/DENALI_PBF-NA_NT_15Q1-AdaptorG2_UniDB_1.0.0.407551-20151025220108-RC",
                "data_size":20986049884,
                "data_pretty_size":"19.54 GB",
                "data_time":"20151025220108"
            },
            {
                "name":"DENALI_PBF-NA_NT_15Q1-AdaptorG2_UniDB_1.0.0.407794-20151028225346-RC",
                "data_type":"RC",
                "data_path":"/var/www/html/ec_latest_builds/DENALI_PBF/NA_NT_15Q1/DENALI_PBF-NA_NT_15Q1-AdaptorG2_UniDB_1.0.0.407794-20151028225346-RC",
                "data_size":20698516992,
                "data_pretty_size":"19.28 GB",
                "data_time":"20151028225346"
            },
            {
                "name":"DENALI_PBF-NA_NT_15Q1-AdaptorG2_UniDB_1.0.0.413212-20151211115438-RC",
                "data_type":"RC",
                "data_path":"/var/www/html/ec_latest_builds/DENALI_PBF/NA_NT_15Q1/DENALI_PBF-NA_NT_15Q1-AdaptorG2_UniDB_1.0.0.413212-20151211115438-RC",
                "data_size":32685058436,
                "data_pretty_size":"30.44 GB",
                "data_time":"20151211115438"
            },
            {
                "name":"DENALI_PBF-NA_NT_15Q1-AdaptorG2_UniDB_1.0.0.418953-20160105112148-RC",
                "data_type":"RC",
                "data_path":"/var/www/html/ec_latest_builds/DENALI_PBF/NA_NT_15Q1/DENALI_PBF-NA_NT_15Q1-AdaptorG2_UniDB_1.0.0.418953-20160105112148-RC",
                "data_size":42982660080,
                "data_pretty_size":"40.03 GB",
                "data_time":"20160105112148"
            },
            {
                "name":"DENALI_PBF-NA_NT_15Q1-AdaptorG2_UniDB_1.0.0.420163-20160113090655-RC",
                "data_type":"RC",
                "data_path":"/var/www/html/ec_latest_builds/DENALI_PBF/NA_NT_15Q1/DENALI_PBF-NA_NT_15Q1-AdaptorG2_UniDB_1.0.0.420163-20160113090655-RC",
                "data_size":42962965324,
                "data_pretty_size":"40.01 GB",
                "data_time":"20160113090655"
            }
        ],
        "version":"15Q1",
        "pbf_pretty_size":"333.60 GB",
        "size":358195596038
    },
    {
        "name":"NA_NT_15Q2",
        "region":"NA",
        "data_path":"/var/www/html/ec_latest_builds/DENALI_PBF/NA_NT_15Q2",
        "data_list":[
            {
                "name":"DENALI_PBF-NA_NT_15Q2-AdaptorG2_UniDB_1.0.0-dnmy17.405261-20151012223527-RC",
                "data_type":"RC",
                "data_path":"/var/www/html/ec_latest_builds/DENALI_PBF/NA_NT_15Q2/DENALI_PBF-NA_NT_15Q2-AdaptorG2_UniDB_1.0.0-dnmy17.405261-20151012223527-RC",
                "data_size":21092935926,
                "data_pretty_size":"19.64 GB",
                "data_time":"20151012223527"
            },
            {
                "name":"DENALI_PBF-NA_NT_15Q2-AdaptorG2_UniDB_1.0.0.408245-20151029181517-RC",
                "data_type":"RC",
                "data_path":"/var/www/html/ec_latest_builds/DENALI_PBF/NA_NT_15Q2/DENALI_PBF-NA_NT_15Q2-AdaptorG2_UniDB_1.0.0.408245-20151029181517-RC",
                "data_size":24212830130,
                "data_pretty_size":"22.55 GB",
                "data_time":"20151029181517"
            },
            {
                "name":"DENALI_PBF-NA_NT_15Q2-AdaptorG2_UniDB_1.0.0.409929-20151107184227-RC",
                "data_type":"RC",
                "data_path":"/var/www/html/ec_latest_builds/DENALI_PBF/NA_NT_15Q2/DENALI_PBF-NA_NT_15Q2-AdaptorG2_UniDB_1.0.0.409929-20151107184227-RC",
                "data_size":44862055921,
                "data_pretty_size":"41.78 GB",
                "data_time":"20151107184227"
            },
            {
                "name":"DENALI_PBF-NA_NT_15Q2-AdaptorG2_UniDB_1.0.0.413212-20151214103618-RC",
                "data_type":"RC",
                "data_path":"/var/www/html/ec_latest_builds/DENALI_PBF/NA_NT_15Q2/DENALI_PBF-NA_NT_15Q2-AdaptorG2_UniDB_1.0.0.413212-20151214103618-RC",
                "data_size":45208095375,
                "data_pretty_size":"42.10 GB",
                "data_time":"20151214103618"
            },
            {
                "name":"DENALI_PBF-NA_NT_15Q2-AdaptorG2_UniDB_1.0.0.418953-20160106090944-RC",
                "data_type":"RC",
                "data_path":"/var/www/html/ec_latest_builds/DENALI_PBF/NA_NT_15Q2/DENALI_PBF-NA_NT_15Q2-AdaptorG2_UniDB_1.0.0.418953-20160106090944-RC",
                "data_size":43440975115,
                "data_pretty_size":"40.46 GB",
                "data_time":"20160106090944"
            },
            {
                "name":"DENALI_PBF-NA_NT_15Q2-AdaptorG2_UniDB_1.0.0.420163-20160116160604-RC",
                "data_type":"RC",
                "data_path":"/var/www/html/ec_latest_builds/DENALI_PBF/NA_NT_15Q2/DENALI_PBF-NA_NT_15Q2-AdaptorG2_UniDB_1.0.0.420163-20160116160604-RC",
                "data_size":43421271390,
                "data_pretty_size":"40.44 GB",
                "data_time":"20160116160604"
            },
            {
                "name":"DENALI_PBF-NA_NT_15Q2-AdaptorG2_UniDB_1.0.0-dnmy17.405261-20160210032844-RC",
                "data_type":"RC",
                "data_path":"/var/www/html/ec_latest_builds/DENALI_PBF/NA_NT_15Q2/DENALI_PBF-NA_NT_15Q2-AdaptorG2_UniDB_1.0.0-dnmy17.405261-20160210032844-RC",
                "data_size":41941951584,
                "data_pretty_size":"39.06 GB",
                "data_time":"20160210032844"
            }
        ],
        "version":"15Q2",
        "pbf_pretty_size":"246.04 GB",
        "size":264180115441
    },
    {
        "name":"NA_NT_15Q3",
        "region":"NA",
        "data_path":"/var/www/html/ec_latest_builds/DENALI_PBF/NA_NT_15Q3",
        "data_list":[
            {
                "name":"DENALI_PBF-NA_NT_15Q3-AdaptorG2_UniDB_1.0.0.408302-20151106200246-RC",
                "data_type":"RC",
                "data_path":"/var/www/html/ec_latest_builds/DENALI_PBF/NA_NT_15Q3/DENALI_PBF-NA_NT_15Q3-AdaptorG2_UniDB_1.0.0.408302-20151106200246-RC",
                "data_size":42470531211,
                "data_pretty_size":"39.55 GB",
                "data_time":"20151106200246"
            },
            {
                "name":"DENALI_PBF-NA_NT_15Q3-AdaptorG2_UniDB_1.0.0.420163-20160117174204-RC",
                "data_type":"RC",
                "data_path":"/var/www/html/ec_latest_builds/DENALI_PBF/NA_NT_15Q3/DENALI_PBF-NA_NT_15Q3-AdaptorG2_UniDB_1.0.0.420163-20160117174204-RC",
                "data_size":43854262844,
                "data_pretty_size":"40.84 GB",
                "data_time":"20160117174204"
            }
        ],
        "version":"15Q3",
        "pbf_pretty_size":"80.40 GB",
        "size":86324794055
    },
    {
        "name":"NA_NT_15Q4",
        "region":"NA",
        "data_path":"/var/www/html/ec_latest_builds/DENALI_PBF/NA_NT_15Q4",
        "data_list":[
            {
                "name":"DENALI_PBF-NA_NT_15Q4-AdaptorG2_UniDB_1.0.0.420163-20160223160822-RC",
                "data_type":"RC",
                "data_path":"/var/www/html/ec_latest_builds/DENALI_PBF/NA_NT_15Q4/DENALI_PBF-NA_NT_15Q4-AdaptorG2_UniDB_1.0.0.420163-20160223160822-RC",
                "data_size":46126334122,
                "data_pretty_size":"42.96 GB",
                "data_time":"20160223160822"
            }
        ],
        "version":"15Q4",
        "pbf_pretty_size":"42.96 GB",
        "size":46126334122
    },
    {
        "name":"NA_NT_16Q1",
        "region":"NA",
        "data_path":"/var/www/html/ec_latest_builds/DENALI_PBF/NA_NT_16Q1",
        "data_list":[
            {
                "name":"DENALI_PBF-NA_NT_16Q1-AdaptorG2_UniDB_1.0.0-gen3.432952-20160504220516-RC",
                "data_type":"RC",
                "data_path":"/var/www/html/ec_latest_builds/DENALI_PBF/NA_NT_16Q1/DENALI_PBF-NA_NT_16Q1-AdaptorG2_UniDB_1.0.0-gen3.432952-20160504220516-RC",
                "data_size":45069196286,
                "data_pretty_size":"41.97 GB",
                "data_time":"20160504220516"
            },
            {
                "name":"DENALI_PBF-NA_NT_16Q1-AdaptorG2_UniDB_1.0.0-gen3.432952-20160504220516-RC.bk",
                "data_type":"RC",
                "data_path":"/var/www/html/ec_latest_builds/DENALI_PBF/NA_NT_16Q1/DENALI_PBF-NA_NT_16Q1-AdaptorG2_UniDB_1.0.0-gen3.432952-20160504220516-RC.bk",
                "data_size":45071086614,
                "data_pretty_size":"41.98 GB",
                "data_time":"20160504220516"
            }
        ],
        "version":"16Q1",
        "pbf_pretty_size":"83.95 GB",
        "size":90140282900
    },
    {
        "name":"NA_NT_16Q2",
        "region":"NA",
        "data_path":"/var/www/html/ec_latest_builds/DENALI_PBF/NA_NT_16Q2",
        "data_list":[
            {
                "name":"DENALI_PBF-NA_NT_16Q2-AdaptorG2_UniDB_1.0.0.448833-20160729165502-RC",
                "data_type":"RC",
                "data_path":"/var/www/html/ec_latest_builds/DENALI_PBF/NA_NT_16Q2/DENALI_PBF-NA_NT_16Q2-AdaptorG2_UniDB_1.0.0.448833-20160729165502-RC",
                "data_size":53618589844,
                "data_pretty_size":"49.94 GB",
                "data_time":"20160729165502"
            },
            {
                "name":"DENALI_PBF-NA_NT_16Q2-AdaptorG2_UniDB_1.0.0.448833-20160801134927-RC",
                "data_type":"RC",
                "data_path":"/var/www/html/ec_latest_builds/DENALI_PBF/NA_NT_16Q2/DENALI_PBF-NA_NT_16Q2-AdaptorG2_UniDB_1.0.0.448833-20160801134927-RC",
                "data_size":53622344443,
                "data_pretty_size":"49.94 GB",
                "data_time":"20160801134927"
            },
            {
                "name":"DENALI_PBF-NA_NT_16Q2-AdaptorG2_UniDB_1.0.0.455935-20160913171110-RC",
                "data_type":"RC",
                "data_path":"/var/www/html/ec_latest_builds/DENALI_PBF/NA_NT_16Q2/DENALI_PBF-NA_NT_16Q2-AdaptorG2_UniDB_1.0.0.455935-20160913171110-RC",
                "data_size":54022012508,
                "data_pretty_size":"50.31 GB",
                "data_time":"20160913171110"
            }
        ],
        "version":"16Q2",
        "pbf_pretty_size":"150.19 GB",
        "size":161262946795
    },
    {
        "name":"NA_NT_16Q3",
        "region":"NA",
        "data_path":"/var/www/html/ec_latest_builds/DENALI_PBF/NA_NT_16Q3",
        "data_list":[
            {
                "name":"DENALI_PBF-NA_NT_16Q3-AdaptorG2_UniDB_1.0.0.467919-20161201013630-RC",
                "data_type":"RC",
                "data_path":"/var/www/html/ec_latest_builds/DENALI_PBF/NA_NT_16Q3/DENALI_PBF-NA_NT_16Q3-AdaptorG2_UniDB_1.0.0.467919-20161201013630-RC",
                "data_size":54702308872,
                "data_pretty_size":"50.95 GB",
                "data_time":"20161201013630"
            }
        ],
        "version":"16Q3",
        "pbf_pretty_size":"50.95 GB",
        "size":54702308872
    },
    {
        "name":"SA_HERE_17Q1",
        "region":"SA",
        "data_path":"/var/www/html/ec_latest_builds/DENALI_PBF/SA_HERE_17Q1",
        "data_list":[
            {
                "name":"DENALI_PBF-SA_HERE_17Q1-AdaptorG2_UniDB_1.0.0.484244-20170321021444-RC",
                "data_type":"RC",
                "data_path":"/var/www/html/ec_latest_builds/DENALI_PBF/SA_HERE_17Q1/DENALI_PBF-SA_HERE_17Q1-AdaptorG2_UniDB_1.0.0.484244-20170321021444-RC",
                "data_size":14929583123,
                "data_pretty_size":"13.90 GB",
                "data_time":"20170321021444"
            },
            {
                "name":"DENALI_PBF-SA_HERE_17Q1-AdaptorG2_UniDB_1.0.0.488463-20170413224703-RC",
                "data_type":"RC",
                "data_path":"/var/www/html/ec_latest_builds/DENALI_PBF/SA_HERE_17Q1/DENALI_PBF-SA_HERE_17Q1-AdaptorG2_UniDB_1.0.0.488463-20170413224703-RC",
                "data_size":15117521299,
                "data_pretty_size":"14.08 GB",
                "data_time":"20170413224703"
            }
        ],
        "version":"17Q1",
        "pbf_pretty_size":"27.98 GB",
        "size":30047104422
    },
    {
        "name":"SA_HERE_17Q3",
        "region":"SA",
        "data_path":"/var/www/html/ec_latest_builds/DENALI_PBF/SA_HERE_17Q3",
        "data_list":[
            {
                "name":"DENALI_PBF-SA_HERE_17Q3-AdaptorG2_UniDB_1.0.0.515772-20171012023451-RC",
                "data_type":"RC",
                "data_path":"/var/www/html/ec_latest_builds/DENALI_PBF/SA_HERE_17Q3/DENALI_PBF-SA_HERE_17Q3-AdaptorG2_UniDB_1.0.0.515772-20171012023451-RC",
                "data_size":17958264310,
                "data_pretty_size":"16.72 GB",
                "data_time":"20171012023451"
            }
        ],
        "version":"17Q3",
        "pbf_pretty_size":"16.72 GB",
        "size":17958264310
    },
    {
        "name":"SA_HERE_17Q4",
        "region":"SA",
        "data_path":"/var/www/html/ec_latest_builds/DENALI_PBF/SA_HERE_17Q4",
        "data_list":[
            {
                "name":"DENALI_PBF-SA_HERE_17Q4-AdaptorG2_UniDB_1.0.0.524754-20171222061849-RC",
                "data_type":"RC",
                "data_path":"/var/www/html/ec_latest_builds/DENALI_PBF/SA_HERE_17Q4/DENALI_PBF-SA_HERE_17Q4-AdaptorG2_UniDB_1.0.0.524754-20171222061849-RC",
                "data_size":23610216340,
                "data_pretty_size":"21.99 GB",
                "data_time":"20171222061849"
            }
        ],
        "version":"17Q4",
        "pbf_pretty_size":"21.99 GB",
        "size":23610216340
    },
    {
        "name":"SA_NT_16Q2",
        "region":"SA",
        "data_path":"/var/www/html/ec_latest_builds/DENALI_PBF/SA_NT_16Q2",
        "data_list":[
            {
                "name":"DENALI_PBF-SA_NT_16Q2-AdaptorG2_UniDB_1.0.0.448985-20160801002555-RC",
                "data_type":"RC",
                "data_path":"/var/www/html/ec_latest_builds/DENALI_PBF/SA_NT_16Q2/DENALI_PBF-SA_NT_16Q2-AdaptorG2_UniDB_1.0.0.448985-20160801002555-RC",
                "data_size":10412199677,
                "data_pretty_size":"9.70 GB",
                "data_time":"20160801002555"
            },
            {
                "name":"DENALI_PBF-SA_NT_16Q2-AdaptorG2_UniDB_1.0.0.470618-20170103214426-RC",
                "data_type":"RC",
                "data_path":"/var/www/html/ec_latest_builds/DENALI_PBF/SA_NT_16Q2/DENALI_PBF-SA_NT_16Q2-AdaptorG2_UniDB_1.0.0.470618-20170103214426-RC",
                "data_size":10364318458,
                "data_pretty_size":"9.65 GB",
                "data_time":"20170103214426"
            }
        ],
        "version":"16Q2",
        "pbf_pretty_size":"19.35 GB",
        "size":20776518135
    },
    {
        "name":"SEA_HERE_17Q1",
        "region":"SEA",
        "data_path":"/var/www/html/ec_latest_builds/DENALI_PBF/SEA_HERE_17Q1",
        "data_list":[
            {
                "name":"DENALI_PBF-SEA_HERE_17Q1-AdaptorG2_UniDB_1.0.0.489344-20170418230546-RC",
                "data_type":"RC",
                "data_path":"/var/www/html/ec_latest_builds/DENALI_PBF/SEA_HERE_17Q1/DENALI_PBF-SEA_HERE_17Q1-AdaptorG2_UniDB_1.0.0.489344-20170418230546-RC",
                "data_size":1616891463,
                "data_pretty_size":"1.51 GB",
                "data_time":"20170418230546"
            },
            {
                "name":"DENALI_PBF-SEA_HERE_17Q1-AdaptorG2_UniDB_1.0.0.495391-20170526191927-RC",
                "data_type":"RC",
                "data_path":"/var/www/html/ec_latest_builds/DENALI_PBF/SEA_HERE_17Q1/DENALI_PBF-SEA_HERE_17Q1-AdaptorG2_UniDB_1.0.0.495391-20170526191927-RC",
                "data_size":9488614793,
                "data_pretty_size":"8.84 GB",
                "data_time":"20170526191927"
            },
            {
                "name":"DENALI_PBF-SEA_HERE_17Q1-AdaptorG2_UniDB_1.0.0.496574-20170607181021-RC",
                "data_type":"RC",
                "data_path":"/var/www/html/ec_latest_builds/DENALI_PBF/SEA_HERE_17Q1/DENALI_PBF-SEA_HERE_17Q1-AdaptorG2_UniDB_1.0.0.496574-20170607181021-RC",
                "data_size":4610815956,
                "data_pretty_size":"4.29 GB",
                "data_time":"20170607181021"
            }
        ],
        "version":"17Q1",
        "pbf_pretty_size":"14.64 GB",
        "size":15716322212
    },
    {
        "name":"SEA_HERE_17Q2",
        "region":"SEA",
        "data_path":"/var/www/html/ec_latest_builds/DENALI_PBF/SEA_HERE_17Q2",
        "data_list":[
            {
                "name":"DENALI_PBF-SEA_HERE_17Q2-AdaptorG2_UniDB_1.0.0.496574-20170713230154-RC",
                "data_type":"RC",
                "data_path":"/var/www/html/ec_latest_builds/DENALI_PBF/SEA_HERE_17Q2/DENALI_PBF-SEA_HERE_17Q2-AdaptorG2_UniDB_1.0.0.496574-20170713230154-RC",
                "data_size":5002660653,
                "data_pretty_size":"4.66 GB",
                "data_time":"20170713230154"
            },
            {
                "name":"DENALI_PBF-SEA_HERE_17Q2-AdaptorG2_UniDB_1.0.0.508168-20170817230530-RC",
                "data_type":"RC",
                "data_path":"/var/www/html/ec_latest_builds/DENALI_PBF/SEA_HERE_17Q2/DENALI_PBF-SEA_HERE_17Q2-AdaptorG2_UniDB_1.0.0.508168-20170817230530-RC",
                "data_size":5011425444,
                "data_pretty_size":"4.67 GB",
                "data_time":"20170817230530"
            },
            {
                "name":"DENALI_PBF-SEA_HERE_17Q2-AdaptorG2_UniDB_1.0.0.509650-20170830002848-RC",
                "data_type":"RC",
                "data_path":"/var/www/html/ec_latest_builds/DENALI_PBF/SEA_HERE_17Q2/DENALI_PBF-SEA_HERE_17Q2-AdaptorG2_UniDB_1.0.0.509650-20170830002848-RC",
                "data_size":5011432479,
                "data_pretty_size":"4.67 GB",
                "data_time":"20170830002848"
            }
        ],
        "version":"17Q2",
        "pbf_pretty_size":"13.99 GB",
        "size":15025518576
    },
    {
        "name":"SEA_HERE_17Q3",
        "region":"SEA",
        "data_path":"/var/www/html/ec_latest_builds/DENALI_PBF/SEA_HERE_17Q3",
        "data_list":[
            {
                "name":"DENALI_PBF-SEA_HERE_17Q3-AdaptorG2_UniDB_1.0.0.515287-20171011031712-RC",
                "data_type":"RC",
                "data_path":"/var/www/html/ec_latest_builds/DENALI_PBF/SEA_HERE_17Q3/DENALI_PBF-SEA_HERE_17Q3-AdaptorG2_UniDB_1.0.0.515287-20171011031712-RC",
                "data_size":5060955519,
                "data_pretty_size":"4.71 GB",
                "data_time":"20171011031712"
            }
        ],
        "version":"17Q3",
        "pbf_pretty_size":"4.71 GB",
        "size":5060955519
    },
    {
        "name":"SEA_HERE_17Q4",
        "region":"SEA",
        "data_path":"/var/www/html/ec_latest_builds/DENALI_PBF/SEA_HERE_17Q4",
        "data_list":[
            {
                "name":"DENALI_PBF-SEA_HERE_17Q4-AdaptorG2_UniDB_1.0.0.522408-20171128224740-RC",
                "data_type":"RC",
                "data_path":"/var/www/html/ec_latest_builds/DENALI_PBF/SEA_HERE_17Q4/DENALI_PBF-SEA_HERE_17Q4-AdaptorG2_UniDB_1.0.0.522408-20171128224740-RC",
                "data_size":5188654284,
                "data_pretty_size":"4.83 GB",
                "data_time":"20171128224740"
            },
            {
                "name":"DENALI_PBF-SEA_HERE_17Q4-AdaptorG2_UniDB_1.0.0.522408-20171130041136-RC",
                "data_type":"RC",
                "data_path":"/var/www/html/ec_latest_builds/DENALI_PBF/SEA_HERE_17Q4/DENALI_PBF-SEA_HERE_17Q4-AdaptorG2_UniDB_1.0.0.522408-20171130041136-RC",
                "data_size":6384255178,
                "data_pretty_size":"5.95 GB",
                "data_time":"20171130041136"
            },
            {
                "name":"DENALI_PBF-SEA_HERE_17Q4-AdaptorG2_UniDB_1.0.0.524299-20171215173004-TEST",
                "data_type":"TEST",
                "data_path":"/var/www/html/ec_latest_builds/DENALI_PBF/SEA_HERE_17Q4/DENALI_PBF-SEA_HERE_17Q4-AdaptorG2_UniDB_1.0.0.524299-20171215173004-TEST",
                "data_size":3720554020,
                "data_pretty_size":"3.47 GB",
                "data_time":"20171215173004"
            },
            {
                "name":"DENALI_PBF-SEA_HERE_17Q4-AdaptorG2_UniDB_1.0.0.524493-20171217063920-TEST",
                "data_type":"TEST",
                "data_path":"/var/www/html/ec_latest_builds/DENALI_PBF/SEA_HERE_17Q4/DENALI_PBF-SEA_HERE_17Q4-AdaptorG2_UniDB_1.0.0.524493-20171217063920-TEST",
                "data_size":3720557744,
                "data_pretty_size":"3.47 GB",
                "data_time":"20171217063920"
            }
        ],
        "version":"17Q4",
        "pbf_pretty_size":"17.71 GB",
        "size":19014021226
    },
    {
        "name":"SEA_NT_16Q2",
        "region":"SEA",
        "data_path":"/var/www/html/ec_latest_builds/DENALI_PBF/SEA_NT_16Q2",
        "data_list":[
            {
                "name":"DENALI_PBF-SEA_NT_16Q2-AdaptorG2_UniDB_1.0.0.448985-20160728015848-RC",
                "data_type":"RC",
                "data_path":"/var/www/html/ec_latest_builds/DENALI_PBF/SEA_NT_16Q2/DENALI_PBF-SEA_NT_16Q2-AdaptorG2_UniDB_1.0.0.448985-20160728015848-RC",
                "data_size":5985976405,
                "data_pretty_size":"5.57 GB",
                "data_time":"20160728015848"
            },
            {
                "name":"DENALI_PBF-SEA_NT_16Q2-AdaptorG2_UniDB_1.0.0.450591-20160807202822-RC",
                "data_type":"RC",
                "data_path":"/var/www/html/ec_latest_builds/DENALI_PBF/SEA_NT_16Q2/DENALI_PBF-SEA_NT_16Q2-AdaptorG2_UniDB_1.0.0.450591-20160807202822-RC",
                "data_size":1047259026,
                "data_pretty_size":"998.74 MB",
                "data_time":"20160807202822"
            },
            {
                "name":"DENALI_PBF-SEA_NT_16Q2-AdaptorG2_UniDB_1.0.0.450591-20160808234321-RC",
                "data_type":"RC",
                "data_path":"/var/www/html/ec_latest_builds/DENALI_PBF/SEA_NT_16Q2/DENALI_PBF-SEA_NT_16Q2-AdaptorG2_UniDB_1.0.0.450591-20160808234321-RC",
                "data_size":1047991613,
                "data_pretty_size":"999.44 MB",
                "data_time":"20160808234321"
            },
            {
                "name":"DENALI_PBF-SEA_NT_16Q2-AdaptorG2_UniDB_1.0.0.470618-20170109091543-RC",
                "data_type":"RC",
                "data_path":"/var/www/html/ec_latest_builds/DENALI_PBF/SEA_NT_16Q2/DENALI_PBF-SEA_NT_16Q2-AdaptorG2_UniDB_1.0.0.470618-20170109091543-RC",
                "data_size":1100623143,
                "data_pretty_size":"1.03 GB",
                "data_time":"20170109091543"
            },
            {
                "name":"DENALI_PBF-SEA_NT_16Q2-AdaptorG2_UniDB_1.0.0.470618-20170109230720-RC",
                "data_type":"RC",
                "data_path":"/var/www/html/ec_latest_builds/DENALI_PBF/SEA_NT_16Q2/DENALI_PBF-SEA_NT_16Q2-AdaptorG2_UniDB_1.0.0.470618-20170109230720-RC",
                "data_size":1085772272,
                "data_pretty_size":"1.01 GB",
                "data_time":"20170109230720"
            }
        ],
        "version":"16Q2",
        "pbf_pretty_size":"9.56 GB",
        "size":10267622459
    },
    {
        "name":"TUR_NT_14Q4",
        "region":"TUR",
        "data_path":"/var/www/html/ec_latest_builds/DENALI_PBF/TUR_NT_14Q4",
        "data_list":[
            {
                "name":"DENALI_PBF-TUR_NT_14Q4_ADAS-AdaptorG2_UniDB_1.0.0.403703-20151005141843-RC",
                "data_type":"RC",
                "data_path":"/var/www/html/ec_latest_builds/DENALI_PBF/TUR_NT_14Q4/DENALI_PBF-TUR_NT_14Q4_ADAS-AdaptorG2_UniDB_1.0.0.403703-20151005141843-RC",
                "data_size":1113025895,
                "data_pretty_size":"1.04 GB",
                "data_time":"20151005141843"
            },
            {
                "name":"DENALI_PBF-TUR_NT_14Q4_ADAS-AdaptorG2_UniDB_1.0.0.406095-20151017211037-RC",
                "data_type":"RC",
                "data_path":"/var/www/html/ec_latest_builds/DENALI_PBF/TUR_NT_14Q4/DENALI_PBF-TUR_NT_14Q4_ADAS-AdaptorG2_UniDB_1.0.0.406095-20151017211037-RC",
                "data_size":1117508157,
                "data_pretty_size":"1.04 GB",
                "data_time":"20151017211037"
            },
            {
                "name":"DENALI_PBF-TUR_NT_14Q4_ADAS-AdaptorG2_UniDB_1.0.0.406095-20151020102022-RC",
                "data_type":"RC",
                "data_path":"/var/www/html/ec_latest_builds/DENALI_PBF/TUR_NT_14Q4/DENALI_PBF-TUR_NT_14Q4_ADAS-AdaptorG2_UniDB_1.0.0.406095-20151020102022-RC",
                "data_size":1117545033,
                "data_pretty_size":"1.04 GB",
                "data_time":"20151020102022"
            }
        ],
        "version":"14Q4",
        "pbf_pretty_size":"3.12 GB",
        "size":3348079085
    },
    {
        "name":"TUR_NT_15Q1",
        "region":"TUR",
        "data_path":"/var/www/html/ec_latest_builds/DENALI_PBF/TUR_NT_15Q1",
        "data_list":[],
        "version":"15Q1",
        "pbf_pretty_size":"0.0 Byte",
        "size":0
    },
    {
        "name":"TUR_NT_15Q4",
        "region":"TUR",
        "data_path":"/var/www/html/ec_latest_builds/DENALI_PBF/TUR_NT_15Q4",
        "data_list":[
            {
                "name":"DENALI_PBF-TUR_NT_15Q4_ADAS-AdaptorG2_UniDB_1.0.0-gen3.431765-20160403002308-RC",
                "data_type":"RC",
                "data_path":"/var/www/html/ec_latest_builds/DENALI_PBF/TUR_NT_15Q4/DENALI_PBF-TUR_NT_15Q4_ADAS-AdaptorG2_UniDB_1.0.0-gen3.431765-20160403002308-RC",
                "data_size":8064687531,
                "data_pretty_size":"7.51 GB",
                "data_time":"20160403002308"
            }
        ],
        "version":"15Q4",
        "pbf_pretty_size":"7.51 GB",
        "size":8064687531
    },
    {
        "name":"TWN_HERE_17Q3",
        "region":"TWN",
        "data_path":"/var/www/html/ec_latest_builds/DENALI_PBF/TWN_HERE_17Q3",
        "data_list":[
            {
                "name":"DENALI_PBF-TWN_HERE_17Q3-AdaptorG2_UniDB_1.0.0.515772-20171012184113-RC",
                "data_type":"RC",
                "data_path":"/var/www/html/ec_latest_builds/DENALI_PBF/TWN_HERE_17Q3/DENALI_PBF-TWN_HERE_17Q3-AdaptorG2_UniDB_1.0.0.515772-20171012184113-RC",
                "data_size":2348603561,
                "data_pretty_size":"2.19 GB",
                "data_time":"20171012184113"
            },
            {
                "name":"DENALI_PBF-TWN_HERE_17Q3-AdaptorG2_UniDB_1.0.0.515772-20171025025040-TEST",
                "data_type":"TEST",
                "data_path":"/var/www/html/ec_latest_builds/DENALI_PBF/TWN_HERE_17Q3/DENALI_PBF-TWN_HERE_17Q3-AdaptorG2_UniDB_1.0.0.515772-20171025025040-TEST",
                "data_size":2367767707,
                "data_pretty_size":"2.21 GB",
                "data_time":"20171025025040"
            },
            {
                "name":"DENALI_PBF-TWN_HERE_17Q3-AdaptorG2_UniDB_1.0.0.522032-20171121221506-TEST",
                "data_type":"TEST",
                "data_path":"/var/www/html/ec_latest_builds/DENALI_PBF/TWN_HERE_17Q3/DENALI_PBF-TWN_HERE_17Q3-AdaptorG2_UniDB_1.0.0.522032-20171121221506-TEST",
                "data_size":2348975451,
                "data_pretty_size":"2.19 GB",
                "data_time":"20171121221506"
            },
            {
                "name":"DENALI_PBF-TWN_HERE_17Q3-AdaptorG2_UniDB_1.0.0.522032-20171122012034-TEST",
                "data_type":"TEST",
                "data_path":"/var/www/html/ec_latest_builds/DENALI_PBF/TWN_HERE_17Q3/DENALI_PBF-TWN_HERE_17Q3-AdaptorG2_UniDB_1.0.0.522032-20171122012034-TEST",
                "data_size":2857343028,
                "data_pretty_size":"2.66 GB",
                "data_time":"20171122012034"
            }
        ],
        "version":"17Q3",
        "pbf_pretty_size":"9.24 GB",
        "size":9922689747
    }
]