[
    {
        "category":"unidb",
        "vendor":"NAV2",
        "name":"UniDB_NT_CN_15Q3_1.0.0-gen3.421243-20160411222319-RC",
        "region":"CN",
        "size_pretty":"128.12 GB",
        "version":"15Q3",
        "create_time":"20160411222319",
        "release_type":"RC",
        "size":137567928836
    },
    {
        "category":"unidb",
        "vendor":"NAV2",
        "name":"UniDB_NT_CN_16Q1_1.0.0-gen3.444520-20160811100524-RC",
        "region":"CN",
        "size_pretty":"101.64 GB",
        "version":"16Q1",
        "create_time":"20160811100524",
        "release_type":"RC",
        "size":109131629060
    },
    {
        "category":"unidb",
        "vendor":"NAV2",
        "name":"UniDB_NT_CN_17Q1_1.0.0.495483-20170527125225-RC",
        "region":"CN",
        "size_pretty":"131.02 GB",
        "version":"17Q1",
        "create_time":"20170527125225",
        "release_type":"RC",
        "size":140684347576
    },
    {
        "category":"unidb",
        "vendor":"NAV2",
        "name":"UniDB_NT_CN_17Q2_1.0.0.505521-20170804134636-DEV",
        "region":"CN",
        "size_pretty":"132.95 GB",
        "version":"17Q2",
        "create_time":"20170804134636",
        "release_type":"DEV",
        "size":142754906628
    },
    {
        "category":"unidb",
        "vendor":"NAV2",
        "name":"UniDB_NT_CN_17Q2_1.0.0.512843-20170922205525-RC",
        "region":"CN",
        "size_pretty":"142.15 GB",
        "version":"17Q2",
        "create_time":"20170922205525",
        "release_type":"RC",
        "size":152630741176
    },
    {
        "category":"unidb",
        "vendor":"NAV2",
        "name":"UniDB_NT_CN_17Q2_1.0.0.517136-20171018165616-RC",
        "region":"CN",
        "size_pretty":"135.04 GB",
        "version":"17Q2",
        "create_time":"20171018165616",
        "release_type":"RC",
        "size":145000450232
    },
    {
        "category":"unidb",
        "vendor":"NAV2",
        "name":"UniDB_NT_CN_17Q2_1.0.0.510660-20170911090023-RC",
        "region":"CN",
        "size_pretty":"114.41 GB",
        "version":"17Q2",
        "create_time":"20170911090023",
        "release_type":"RC",
        "size":122843988484
    },
    {
        "category":"unidb",
        "vendor":"NAV2",
        "name":"UniDB_NT_CN_17Q3_20171220-20180104110335-DEV",
        "region":"CN",
        "size_pretty":"135.19 GB",
        "version":"17Q3",
        "create_time":"20180104110335",
        "release_type":"DEV",
        "size":145158359224
    },
    {
        "category":"unidb",
        "vendor":"NAV2",
        "name":"UniDB_NT_CN_17Q3_1.0.0.525886-20180103175539-DEV",
        "region":"CN",
        "size_pretty":"135.16 GB",
        "version":"17Q3",
        "create_time":"20180103175539",
        "release_type":"DEV",
        "size":145124491780
    },
    {
        "category":"unidb",
        "vendor":"NAV2",
        "name":"UniDB_NT_CN_17Q3_20171220-20180110014035-DEV",
        "region":"CN",
        "size_pretty":"135.12 GB",
        "version":"17Q3",
        "create_time":"20180110014035",
        "release_type":"DEV",
        "size":145085352120
    },
    {
        "category":"unidb",
        "vendor":"NAV2",
        "name":"UniDB_NT_CN_17Q3_20171220-20180110192743-DEV",
        "region":"CN",
        "size_pretty":"5.02 GB",
        "version":"17Q3",
        "create_time":"20180110192743",
        "release_type":"DEV",
        "size":5394530820
    },
    {
        "category":"unidb",
        "vendor":"NAV2",
        "name":"UniDB_NT_CN_15Q3_Level0_1.0.0-gen3.421243-20160122135311-RC",
        "region":"CN_Level0",
        "size_pretty":"129.16 MB",
        "version":"15Q3",
        "create_time":"20160122135311",
        "release_type":"RC",
        "size":135430660
    },
    {
        "category":"unidb",
        "vendor":"NAV2",
        "name":"UniDB_NT_CN_16Q1_Level0_1.0.0-gen3.444520-20160629103346-RC",
        "region":"CN_Level0",
        "size_pretty":"128.13 MB",
        "version":"16Q1",
        "create_time":"20160629103346",
        "release_type":"RC",
        "size":134349316
    },
    {
        "category":"unidb",
        "vendor":"NAV2",
        "name":"UniDB_NT_CN_17Q2_Level0_1.0.0.526325-20180121223703-DEV",
        "region":"CN_Level0",
        "size_pretty":"128.78 MB",
        "version":"17Q2",
        "create_time":"20180121223703",
        "release_type":"DEV",
        "size":135037444
    },
    {
        "category":"unidb",
        "vendor":"NAV2",
        "name":"UniDB_NT_CN_17Q2_Level0_1.0.0.510660-20170911151446-RC",
        "region":"CN_Level0",
        "size_pretty":"145.34 MB",
        "version":"17Q2",
        "create_time":"20170911151446",
        "release_type":"RC",
        "size":152404484
    },
    {
        "category":"unidb",
        "vendor":"NAV2",
        "name":"UniDB_NT_CN_17Q2_Level0_1.0.0.505521-20170807095154-DEV",
        "region":"CN_Level0",
        "size_pretty":"139.97 MB",
        "version":"17Q2",
        "create_time":"20170807095154",
        "release_type":"DEV",
        "size":146768388
    },
    {
        "category":"unidb",
        "vendor":"NAV2",
        "name":"UniDB_NT_CN_17Q2_Level0_1.0.0.512535-20170921101133-RC",
        "region":"CN_Level0",
        "size_pretty":"143.50 MB",
        "version":"17Q2",
        "create_time":"20170921101133",
        "release_type":"RC",
        "size":150471172
    },
    {
        "category":"unidb",
        "vendor":"NAV2",
        "name":"UniDB_NT_CN_17Q2_Level0_1.0.0.511039-20170914145709-RC",
        "region":"CN_Level0",
        "size_pretty":"143.38 MB",
        "version":"17Q2",
        "create_time":"20170914145709",
        "release_type":"RC",
        "size":150340100
    }
]