[
    {
        "category":"rdfdb",
        "vendor":"NAV2",
        "name":"NT_CN_15Q3",
        "region":"CN",
        "size_pretty":"174.22 GB",
        "version":"15Q3",
        "size":187065026744
    },
    {
        "category":"rdfdb",
        "vendor":"NAV2",
        "name":"NT_CN_16Q1",
        "region":"CN",
        "size_pretty":"184.78 GB",
        "version":"16Q1",
        "size":198404786360
    },
    {
        "category":"rdfdb",
        "vendor":"NAV2",
        "name":"NT_CN_17Q2",
        "region":"CN",
        "size_pretty":"253.67 GB",
        "version":"17Q2",
        "size":272373827768
    },
    {
        "category":"rdfdb",
        "vendor":"NAV2",
        "name":"NT_CN_17Q3",
        "region":"CN",
        "size_pretty":"269.14 GB",
        "version":"17Q3",
        "size":288982616248
    },
    {
        "category":"rdfdb",
        "vendor":"NAV2",
        "name":"NT_CN_15Q3_Level0",
        "region":"CN_Level0",
        "size_pretty":"137.97 MB",
        "version":"15Q3",
        "size":144671236
    },
    {
        "category":"rdfdb",
        "vendor":"NAV2",
        "name":"NT_CN_16Q1_Level0",
        "region":"CN_Level0",
        "size_pretty":"134.52 MB",
        "version":"16Q1",
        "size":141052088
    },
    {
        "category":"rdfdb",
        "vendor":"NAV2",
        "name":"NT_CN_17Q2_Level0",
        "region":"CN_Level0",
        "size_pretty":"134.99 MB",
        "version":"17Q2",
        "size":141543608
    }
]