[
    {
        "data_time":"20160411222319",
        "data_type":"RC",
        "region":"CN",
        "version":"15Q3",
        "database_name":"UniDB_NT_CN_15Q3_1.0.0-gen3.421243-20160411222319-RC",
        "size":137568045240
    },
    {
        "data_time":"20160811100524",
        "data_type":"RC",
        "region":"CN",
        "version":"16Q1",
        "database_name":"UniDB_NT_CN_16Q1_1.0.0-gen3.444520-20160811100524-RC",
        "size":109131745464
    },
    {
        "data_time":"20170527125225",
        "data_type":"RC",
        "region":"CN",
        "version":"17Q1",
        "database_name":"UniDB_NT_CN_17Q1_1.0.0.495483-20170527125225-RC",
        "size":140684347576
    },
    {
        "data_time":"20170804134636",
        "data_type":"DEV",
        "region":"CN",
        "version":"17Q2",
        "database_name":"UniDB_NT_CN_17Q2_1.0.0.505521-20170804134636-DEV",
        "size":142755023032
    },
    {
        "data_time":"20170922205525",
        "data_type":"RC",
        "region":"CN",
        "version":"17Q2",
        "database_name":"UniDB_NT_CN_17Q2_1.0.0.512843-20170922205525-RC",
        "size":152630741176
    },
    {
        "data_time":"20171018165616",
        "data_type":"RC",
        "region":"CN",
        "version":"17Q2",
        "database_name":"UniDB_NT_CN_17Q2_1.0.0.517136-20171018165616-RC",
        "size":145000450232
    },
    {
        "data_time":"20170911090023",
        "data_type":"RC",
        "region":"CN",
        "version":"17Q2",
        "database_name":"UniDB_NT_CN_17Q2_1.0.0.510660-20170911090023-RC",
        "size":122844104888
    },
    {
        "data_time":"20180104110335",
        "data_type":"DEV",
        "region":"CN",
        "version":"17Q3",
        "database_name":"UniDB_NT_CN_17Q3_20171220-20180104110335-DEV",
        "size":145158359224
    },
    {
        "data_time":"20180103175539",
        "data_type":"DEV",
        "region":"CN",
        "version":"17Q3",
        "database_name":"UniDB_NT_CN_17Q3_1.0.0.525886-20180103175539-DEV",
        "size":145124608184
    },
    {
        "data_time":"20180110014035",
        "data_type":"DEV",
        "region":"CN",
        "version":"17Q3",
        "database_name":"UniDB_NT_CN_17Q3_20171220-20180110014035-DEV",
        "size":145085352120
    },
    {
        "data_time":"20180110192743",
        "data_type":"DEV",
        "region":"CN",
        "version":"17Q3",
        "database_name":"UniDB_NT_CN_17Q3_20171220-20180110192743-DEV",
        "size":5394647224
    },
    {
        "data_time":"20160122135311",
        "data_type":"RC",
        "region":"CN_Level0",
        "version":"15Q3",
        "database_name":"UniDB_NT_CN_15Q3_Level0_1.0.0-gen3.421243-20160122135311-RC",
        "size":135547064
    },
    {
        "data_time":"20160629103346",
        "data_type":"RC",
        "region":"CN_Level0",
        "version":"16Q1",
        "database_name":"UniDB_NT_CN_16Q1_Level0_1.0.0-gen3.444520-20160629103346-RC",
        "size":134465720
    },
    {
        "data_time":"20180121223703",
        "data_type":"DEV",
        "region":"CN_Level0",
        "version":"17Q2",
        "database_name":"UniDB_NT_CN_17Q2_Level0_1.0.0.526325-20180121223703-DEV",
        "size":135153848
    },
    {
        "data_time":"20170911151446",
        "data_type":"RC",
        "region":"CN_Level0",
        "version":"17Q2",
        "database_name":"UniDB_NT_CN_17Q2_Level0_1.0.0.510660-20170911151446-RC",
        "size":152520888
    },
    {
        "data_time":"20170807095154",
        "data_type":"DEV",
        "region":"CN_Level0",
        "version":"17Q2",
        "database_name":"UniDB_NT_CN_17Q2_Level0_1.0.0.505521-20170807095154-DEV",
        "size":146884792
    },
    {
        "data_time":"20170921101133",
        "data_type":"RC",
        "region":"CN_Level0",
        "version":"17Q2",
        "database_name":"UniDB_NT_CN_17Q2_Level0_1.0.0.512535-20170921101133-RC",
        "size":150587576
    },
    {
        "data_time":"20170914145709",
        "data_type":"RC",
        "region":"CN_Level0",
        "version":"17Q2",
        "database_name":"UniDB_NT_CN_17Q2_Level0_1.0.0.511039-20170914145709-RC",
        "size":150456504
    }
]