[
    {
        "database_name":"NT_CN_15Q3",
        "version":"15Q3",
        "vendor":"NAV2",
        "region":"CN",
        "size":187065026744
    },
    {
        "database_name":"NT_CN_16Q1",
        "version":"16Q1",
        "vendor":"NAV2",
        "region":"CN",
        "size":198404786360
    },
    {
        "database_name":"NT_CN_17Q2",
        "version":"17Q2",
        "vendor":"NAV2",
        "region":"CN",
        "size":272373827768
    },
    {
        "database_name":"NT_CN_17Q3",
        "version":"17Q3",
        "vendor":"NAV2",
        "region":"CN",
        "size":288982616248
    },
    {
        "database_name":"NT_CN_15Q3_Level0",
        "version":"15Q3",
        "vendor":"NAV2",
        "region":"CN_Level0",
        "size":144671236
    },
    {
        "database_name":"NT_CN_16Q1_Level0",
        "version":"16Q1",
        "vendor":"NAV2",
        "region":"CN_Level0",
        "size":141052088
    },
    {
        "database_name":"NT_CN_17Q2_Level0",
        "version":"17Q2",
        "vendor":"NAV2",
        "region":"CN_Level0",
        "size":141543608
    },
    {
        "database_name":"UniDB_NT_CN_15Q3_1.0.0-gen3.421243-20160411222319-RC",
        "version":"15Q3",
        "vendor":"NAV2",
        "region":"CN",
        "size":137567928836
    },
    {
        "database_name":"UniDB_NT_CN_16Q1_1.0.0-gen3.444520-20160811100524-RC",
        "version":"16Q1",
        "vendor":"NAV2",
        "region":"CN",
        "size":109131629060
    },
    {
        "database_name":"UniDB_NT_CN_17Q1_1.0.0.495483-20170527125225-RC",
        "version":"17Q1",
        "vendor":"NAV2",
        "region":"CN",
        "size":140684347576
    },
    {
        "database_name":"UniDB_NT_CN_17Q2_1.0.0.505521-20170804134636-DEV",
        "version":"17Q2",
        "vendor":"NAV2",
        "region":"CN",
        "size":142754906628
    },
    {
        "database_name":"UniDB_NT_CN_17Q2_1.0.0.512843-20170922205525-RC",
        "version":"17Q2",
        "vendor":"NAV2",
        "region":"CN",
        "size":152630741176
    },
    {
        "database_name":"UniDB_NT_CN_17Q2_1.0.0.517136-20171018165616-RC",
        "version":"17Q2",
        "vendor":"NAV2",
        "region":"CN",
        "size":145000450232
    },
    {
        "database_name":"UniDB_NT_CN_17Q2_1.0.0.510660-20170911090023-RC",
        "version":"17Q2",
        "vendor":"NAV2",
        "region":"CN",
        "size":122843988484
    },
    {
        "database_name":"UniDB_NT_CN_17Q3_20171220-20180104110335-DEV",
        "version":"17Q3",
        "vendor":"NAV2",
        "region":"CN",
        "size":145158359224
    },
    {
        "database_name":"UniDB_NT_CN_17Q3_1.0.0.525886-20180103175539-DEV",
        "version":"17Q3",
        "vendor":"NAV2",
        "region":"CN",
        "size":145124491780
    },
    {
        "database_name":"UniDB_NT_CN_17Q3_20171220-20180110014035-DEV",
        "version":"17Q3",
        "vendor":"NAV2",
        "region":"CN",
        "size":145085352120
    },
    {
        "database_name":"UniDB_NT_CN_17Q3_20171220-20180110192743-DEV",
        "version":"17Q3",
        "vendor":"NAV2",
        "region":"CN",
        "size":5394530820
    },
    {
        "database_name":"UniDB_NT_CN_15Q3_Level0_1.0.0-gen3.421243-20160122135311-RC",
        "version":"15Q3",
        "vendor":"NAV2",
        "region":"CN_Level0",
        "size":135430660
    },
    {
        "database_name":"UniDB_NT_CN_16Q1_Level0_1.0.0-gen3.444520-20160629103346-RC",
        "version":"16Q1",
        "vendor":"NAV2",
        "region":"CN_Level0",
        "size":134349316
    },
    {
        "database_name":"UniDB_NT_CN_17Q2_Level0_1.0.0.526325-20180121223703-DEV",
        "version":"17Q2",
        "vendor":"NAV2",
        "region":"CN_Level0",
        "size":135037444
    },
    {
        "database_name":"UniDB_NT_CN_17Q2_Level0_1.0.0.510660-20170911151446-RC",
        "version":"17Q2",
        "vendor":"NAV2",
        "region":"CN_Level0",
        "size":152404484
    },
    {
        "database_name":"UniDB_NT_CN_17Q2_Level0_1.0.0.505521-20170807095154-DEV",
        "version":"17Q2",
        "vendor":"NAV2",
        "region":"CN_Level0",
        "size":146768388
    },
    {
        "database_name":"UniDB_NT_CN_17Q2_Level0_1.0.0.512535-20170921101133-RC",
        "version":"17Q2",
        "vendor":"NAV2",
        "region":"CN_Level0",
        "size":150471172
    },
    {
        "database_name":"UniDB_NT_CN_17Q2_Level0_1.0.0.511039-20170914145709-RC",
        "version":"17Q2",
        "vendor":"NAV2",
        "region":"CN_Level0",
        "size":150340100
    }
]