[
    {
        "category":"unidb",
        "vendor":"HERE",
        "name":"UniDB_HERE_KOR15Q4_1.0.0.452579-20160819155341-RC_v2",
        "region":"KOR",
        "size_pretty":"76.41 GB",
        "version":"15Q4",
        "create_time":"20160819155341",
        "release_type":"RC",
        "size":82042552836
    },
    {
        "category":"unidb",
        "vendor":"HERE",
        "name":"UniDB_HERE_KOR15Q4_1.0.0.452579-20160819155341-RC",
        "region":"KOR",
        "size_pretty":"39.20 GB",
        "version":"15Q4",
        "create_time":"20160819155341",
        "release_type":"RC",
        "size":42091119108
    },
    {
        "category":"unidb",
        "vendor":"HERE",
        "name":"UniDB_HERE_KOR16Q3_1.0.0.475376-20170118181328-RC",
        "region":"KOR",
        "size_pretty":"39.96 GB",
        "version":"16Q3",
        "create_time":"20170118181328",
        "release_type":"RC",
        "size":42907419140
    },
    {
        "category":"unidb",
        "vendor":"HERE",
        "name":"UniDB_HERE_KOR16Q3_1.0.0.480481-20170222220134-RC",
        "region":"KOR",
        "size_pretty":"39.97 GB",
        "version":"16Q3",
        "create_time":"20170222220134",
        "release_type":"RC",
        "size":42919469572
    },
    {
        "category":"unidb",
        "vendor":"HERE",
        "name":"UniDB_HERE_KOR16Q3_1.0.0.481617-20170301193203-RC",
        "region":"KOR",
        "size_pretty":"39.97 GB",
        "version":"16Q3",
        "create_time":"20170301193203",
        "release_type":"RC",
        "size":42916561412
    },
    {
        "category":"unidb",
        "vendor":"HERE",
        "name":"UniDB_HERE_KOR16Q3_1.0.0.462858-20161027154715-RC",
        "region":"KOR",
        "size_pretty":"40.09 GB",
        "version":"16Q3",
        "create_time":"20161027154715",
        "release_type":"RC",
        "size":43041169924
    },
    {
        "category":"unidb",
        "vendor":"HERE",
        "name":"UniDB_HERE_KOR16Q3_1.0.0.456374-20160914114024-RC",
        "region":"KOR",
        "size_pretty":"39.97 GB",
        "version":"16Q3",
        "create_time":"20160914114024",
        "release_type":"RC",
        "size":42922181124
    },
    {
        "category":"unidb",
        "vendor":"HERE",
        "name":"UniDB_HERE_KOR17Q1_1.0.0.490639-20170426160550-RC",
        "region":"KOR",
        "size_pretty":"41.47 GB",
        "version":"17Q1",
        "create_time":"20170426160550",
        "release_type":"RC",
        "size":44527357716
    },
    {
        "category":"unidb",
        "vendor":"HERE",
        "name":"UniDB_HERE_KOR17Q1_1.0.0.504930-20170731150444-RC",
        "region":"KOR",
        "size_pretty":"45.93 GB",
        "version":"17Q1",
        "create_time":"20170731150444",
        "release_type":"RC",
        "size":49318686484
    },
    {
        "category":"unidb",
        "vendor":"HERE",
        "name":"UniDB_HERE_KOR17Q1_1.0.0.521907-20171121142839-DEV",
        "region":"KOR",
        "size_pretty":"41.66 GB",
        "version":"17Q1",
        "create_time":"20171121142839",
        "release_type":"DEV",
        "size":44729090564
    },
    {
        "category":"unidb",
        "vendor":"HERE",
        "name":"UniDB_HERE_KOR17Q1_1.0.0.489121-20170417230654-DEV",
        "region":"KOR",
        "size_pretty":"41.46 GB",
        "version":"17Q1",
        "create_time":"20170417230654",
        "release_type":"DEV",
        "size":44512641540
    },
    {
        "category":"unidb",
        "vendor":"HERE",
        "name":"UniDB_HERE_KOR17Q1_1.0.0.525714-20171228182248-DEV",
        "region":"KOR",
        "size_pretty":"41.55 GB",
        "version":"17Q1",
        "create_time":"20171228182248",
        "release_type":"DEV",
        "size":44614935044
    },
    {
        "category":"unidb",
        "vendor":"HERE",
        "name":"UniDB_HERE_KOR17Q1_1.0.0.525886-20180102160659-DEV",
        "region":"KOR",
        "size_pretty":"41.58 GB",
        "version":"17Q1",
        "create_time":"20180102160659",
        "release_type":"DEV",
        "size":44645851652
    },
    {
        "category":"unidb",
        "vendor":"HERE",
        "name":"UniDB_HERE_KOR17Q4_1.0.0.523239-20171215193725-DEV",
        "region":"KOR",
        "size_pretty":"47.78 GB",
        "version":"17Q4",
        "create_time":"20171215193725",
        "release_type":"DEV",
        "size":51307676164
    },
    {
        "category":"unidb",
        "vendor":"HERE",
        "name":"UniDB_HERE_KOR17Q4_1.0.0.526325-20180109121111-RC",
        "region":"KOR",
        "size_pretty":"47.73 GB",
        "version":"17Q4",
        "create_time":"20180109121111",
        "release_type":"RC",
        "size":51254857492
    }
]