[
    {
        "database_name":"HERE_KOR15Q4",
        "version":"15Q4",
        "vendor":"HERE",
        "region":"KOR",
        "size":43559453188
    },
    {
        "database_name":"HERE_KOR16Q3",
        "version":"16Q3",
        "vendor":"HERE",
        "region":"KOR",
        "size":44093784580
    },
    {
        "database_name":"HERE_KOR17Q1",
        "version":"17Q1",
        "vendor":"HERE",
        "region":"KOR",
        "size":46231244564
    },
    {
        "database_name":"HERE_KOR17Q4",
        "version":"17Q4",
        "vendor":"HERE",
        "region":"KOR",
        "size":56007266068
    },
    {
        "database_name":"UniDB_HERE_KOR15Q4_1.0.0.452579-20160819155341-RC_v2",
        "version":"15Q4",
        "vendor":"HERE",
        "region":"KOR",
        "size":82042552836
    },
    {
        "database_name":"UniDB_HERE_KOR15Q4_1.0.0.452579-20160819155341-RC",
        "version":"15Q4",
        "vendor":"HERE",
        "region":"KOR",
        "size":42091119108
    },
    {
        "database_name":"UniDB_HERE_KOR15Q4_1.0.0.428657-20160315110559",
        "version":"15Q4",
        "vendor":"HERE",
        "region":"KOR",
        "size":38937977348
    },
    {
        "database_name":"UniDB_HERE_KOR16Q3_1.0.0.475376-20170118181328-RC",
        "version":"16Q3",
        "vendor":"HERE",
        "region":"KOR",
        "size":42907419140
    },
    {
        "database_name":"UniDB_HERE_KOR16Q3_1.0.0.480481-20170222220134-RC",
        "version":"16Q3",
        "vendor":"HERE",
        "region":"KOR",
        "size":42919469572
    },
    {
        "database_name":"UniDB_HERE_KOR16Q3_1.0.0.481617-20170301193203-RC",
        "version":"16Q3",
        "vendor":"HERE",
        "region":"KOR",
        "size":42916561412
    },
    {
        "database_name":"UniDB_HERE_KOR16Q3_1.0.0.462858-20161027154715-RC",
        "version":"16Q3",
        "vendor":"HERE",
        "region":"KOR",
        "size":43041169924
    },
    {
        "database_name":"UniDB_HERE_KOR16Q3_1.0.0.456374-20160914114024-RC",
        "version":"16Q3",
        "vendor":"HERE",
        "region":"KOR",
        "size":42922181124
    },
    {
        "database_name":"UniDB_HERE_KOR17Q1_1.0.0.490639-20170426160550-RC",
        "version":"17Q1",
        "vendor":"HERE",
        "region":"KOR",
        "size":44527357716
    },
    {
        "database_name":"UniDB_HERE_KOR17Q1_1.0.0.504930-20170731150444-RC",
        "version":"17Q1",
        "vendor":"HERE",
        "region":"KOR",
        "size":49318686484
    },
    {
        "database_name":"UniDB_HERE_KOR17Q1_1.0.0.521907-20171121142839-DEV",
        "version":"17Q1",
        "vendor":"HERE",
        "region":"KOR",
        "size":44729090564
    },
    {
        "database_name":"UniDB_HERE_KOR17Q1_1.0.0.489121-20170417230654-DEV",
        "version":"17Q1",
        "vendor":"HERE",
        "region":"KOR",
        "size":44512641540
    },
    {
        "database_name":"UniDB_HERE_KOR17Q1_1.0.0.525714-20171228182248-DEV",
        "version":"17Q1",
        "vendor":"HERE",
        "region":"KOR",
        "size":44614935044
    },
    {
        "database_name":"UniDB_HERE_KOR17Q1_1.0.0.525886-20180102160659-DEV",
        "version":"17Q1",
        "vendor":"HERE",
        "region":"KOR",
        "size":44645851652
    },
    {
        "database_name":"UniDB_HERE_KOR17Q4_1.0.0.523239-20171215193725-DEV",
        "version":"17Q4",
        "vendor":"HERE",
        "region":"KOR",
        "size":51307676164
    },
    {
        "database_name":"UniDB_HERE_KOR17Q4_1.0.0.526325-20180109121111-RC",
        "version":"17Q4",
        "vendor":"HERE",
        "region":"KOR",
        "size":51254857492
    }
]