[
    {
        "data_time":"",
        "data_type":"",
        "region":"CN",
        "version":"15Q3",
        "database_name":"NT_CN_15Q3",
        "size":187065026744
    },
    {
        "data_time":"",
        "data_type":"",
        "region":"CN",
        "version":"16Q1",
        "database_name":"NT_CN_16Q1",
        "size":198404786360
    },
    {
        "data_time":"",
        "data_type":"",
        "region":"CN",
        "version":"17Q2",
        "database_name":"NT_CN_17Q2",
        "size":272370288824
    },
    {
        "data_time":"",
        "data_type":"",
        "region":"CN",
        "version":"17Q3",
        "database_name":"NT_CN_17Q3",
        "size":288982616248
    },
    {
        "data_time":"",
        "data_type":"",
        "region":"CN_Level0",
        "version":"15Q3",
        "database_name":"NT_CN_15Q3_Level0",
        "size":144787640
    },
    {
        "data_time":"",
        "data_type":"",
        "region":"CN_Level0",
        "version":"16Q1",
        "database_name":"NT_CN_16Q1_Level0",
        "size":141052088
    },
    {
        "data_time":"",
        "data_type":"",
        "region":"CN_Level0",
        "version":"17Q2",
        "database_name":"NT_CN_17Q2_Level0",
        "size":141543608
    }
]