[
    {
        "data_time":"",
        "data_type":"",
        "region":"KOR",
        "version":"15Q4",
        "database_name":"HERE_KOR15Q4",
        "size":43559453188
    },
    {
        "data_time":"",
        "data_type":"",
        "region":"KOR",
        "version":"16Q3",
        "database_name":"HERE_KOR16Q3",
        "size":44093784580
    },
    {
        "data_time":"",
        "data_type":"",
        "region":"KOR",
        "version":"17Q1",
        "database_name":"HERE_KOR17Q1",
        "size":46231219988
    },
    {
        "data_time":"",
        "data_type":"",
        "region":"KOR",
        "version":"17Q4",
        "database_name":"HERE_KOR17Q4",
        "size":56007266068
    }
]