[
    {
        "category":"raw_data",
        "vendor":"HERE",
        "name":"new_address",
        "region":"KOR",
        "data_path":"/var/www/html/data/KOR_HERE_15Q4/components/NEW_ADDRESS",
        "size_pretty":"1.40 GB",
        "version":"15Q4",
        "size":1499314076
    },
    {
        "category":"raw_data",
        "vendor":"HERE",
        "name":"3D_landmark",
        "region":"KOR",
        "data_path":"/var/www/html/data/KOR_HERE_15Q4/components/3dlandmark_vendor",
        "size_pretty":"29.20 GB",
        "version":"15Q4",
        "size":31355887170
    },
    {
        "category":"raw_data",
        "vendor":"HERE",
        "name":"speed_camera",
        "region":"KOR",
        "data_path":"/var/www/html/data/KOR_HERE_15Q4/components/speed_camera",
        "size_pretty":"3.87 MB",
        "version":"15Q4",
        "size":4060358
    },
    {
        "category":"raw_data",
        "vendor":"HERE",
        "name":"rdf",
        "region":"KOR",
        "data_path":"/var/www/html/data/KOR_HERE_15Q4/__rdf",
        "size_pretty":"2.51 GB",
        "version":"15Q4",
        "size":2692641733
    },
    {
        "category":"raw_data",
        "vendor":"HERE",
        "name":"junction_view",
        "region":"KOR",
        "data_path":"/var/www/html/data/KOR_HERE_15Q4/components/junction_view",
        "size_pretty":"24.45 GB",
        "version":"15Q4",
        "size":26257948177
    },
    {
        "category":"raw_data",
        "vendor":"HERE",
        "name":"toll_cost",
        "region":"KOR",
        "data_path":"/var/www/html/data/KOR_HERE_16Q3/components/TOLL_COST",
        "size_pretty":"4.76 MB",
        "version":"16Q3",
        "size":4988613
    },
    {
        "category":"raw_data",
        "vendor":"HERE",
        "name":"new_address",
        "region":"KOR",
        "data_path":"/var/www/html/data/KOR_HERE_16Q3/components/NEW_ADDRESS",
        "size_pretty":"1.44 GB",
        "version":"16Q3",
        "size":1543981326
    },
    {
        "category":"raw_data",
        "vendor":"HERE",
        "name":"3D_landmark",
        "region":"KOR",
        "data_path":"/var/www/html/data/KOR_HERE_16Q3/components/3dlandmark_vendor",
        "size_pretty":"7.16 GB",
        "version":"16Q3",
        "size":7691398332
    },
    {
        "category":"raw_data",
        "vendor":"HERE",
        "name":"speed_camera",
        "region":"KOR",
        "data_path":"/var/www/html/data/KOR_HERE_16Q3/components/speed_camera",
        "size_pretty":"3.93 MB",
        "version":"16Q3",
        "size":4122826
    },
    {
        "category":"raw_data",
        "vendor":"HERE",
        "name":"rdf",
        "region":"KOR",
        "data_path":"/var/www/html/data/KOR_HERE_16Q3/__rdf",
        "size_pretty":"5.22 GB",
        "version":"16Q3",
        "size":5608915680
    },
    {
        "category":"raw_data",
        "vendor":"HERE",
        "name":"junction_view",
        "region":"KOR",
        "data_path":"/var/www/html/data/KOR_HERE_16Q3/components/junction_view",
        "size_pretty":"12.32 GB",
        "version":"16Q3",
        "size":13228629114
    },
    {
        "category":"raw_data",
        "vendor":"HERE",
        "name":"toll_cost",
        "region":"KOR",
        "data_path":"/var/www/html/data/KOR_HERE_17Q1/components/TOLL_COST",
        "size_pretty":"5.22 MB",
        "version":"17Q1",
        "size":5476691
    },
    {
        "category":"raw_data",
        "vendor":"HERE",
        "name":"new_address",
        "region":"KOR",
        "data_path":"/var/www/html/data/KOR_HERE_17Q1/components/NEW_ADDRESS",
        "size_pretty":"1.45 GB",
        "version":"17Q1",
        "size":1552825065
    },
    {
        "category":"raw_data",
        "vendor":"HERE",
        "name":"3D_landmark",
        "region":"KOR",
        "data_path":"/var/www/html/data/KOR_HERE_17Q1/components/3dlandmark_vendor",
        "size_pretty":"6.62 GB",
        "version":"17Q1",
        "size":7104468556
    },
    {
        "category":"raw_data",
        "vendor":"HERE",
        "name":"speed_camera",
        "region":"KOR",
        "data_path":"/var/www/html/data/KOR_HERE_17Q1/components/speed_camera",
        "size_pretty":"11.76 MB",
        "version":"17Q1",
        "size":12335233
    },
    {
        "category":"raw_data",
        "vendor":"HERE",
        "name":"rdf",
        "region":"KOR",
        "data_path":"/var/www/html/data/KOR_HERE_17Q1/__rdf",
        "size_pretty":"5.83 GB",
        "version":"17Q1",
        "size":6258453265
    },
    {
        "category":"raw_data",
        "vendor":"HERE",
        "name":"junction_view",
        "region":"KOR",
        "data_path":"/var/www/html/data/KOR_HERE_17Q1/components/junction_view",
        "size_pretty":"13.46 GB",
        "version":"17Q1",
        "size":14453565910
    },
    {
        "category":"raw_data",
        "vendor":"HERE",
        "name":"rdf",
        "region":"KOR",
        "data_path":"/var/www/html/data/KOR_HERE_17Q2/__rdf",
        "size_pretty":"52.64 MB",
        "version":"17Q2",
        "size":55196459
    },
    {
        "category":"raw_data",
        "vendor":"HERE",
        "name":"toll_cost",
        "region":"KOR",
        "data_path":"/var/www/html/data/KOR_HERE_17Q3/components/TOLL_COST",
        "size_pretty":"5.61 MB",
        "version":"17Q3",
        "size":5881024
    },
    {
        "category":"raw_data",
        "vendor":"HERE",
        "name":"new_address",
        "region":"KOR",
        "data_path":"/var/www/html/data/KOR_HERE_17Q3/components/NEW_ADDRESS",
        "size_pretty":"1.45 GB",
        "version":"17Q3",
        "size":1561745484
    },
    {
        "category":"raw_data",
        "vendor":"HERE",
        "name":"3D_landmark",
        "region":"KOR",
        "data_path":"/var/www/html/data/KOR_HERE_17Q3/components/3dlandmark_vendor",
        "size_pretty":"3.93 GB",
        "version":"17Q3",
        "size":4218874601
    },
    {
        "category":"raw_data",
        "vendor":"HERE",
        "name":"speed_camera",
        "region":"KOR",
        "data_path":"/var/www/html/data/KOR_HERE_17Q3/components/speed_camera",
        "size_pretty":"0.0 Byte",
        "version":"17Q3",
        "size":0
    },
    {
        "category":"raw_data",
        "vendor":"HERE",
        "name":"rdf",
        "region":"KOR",
        "data_path":"/var/www/html/data/KOR_HERE_17Q3/__rdf",
        "size_pretty":"3.00 GB",
        "version":"17Q3",
        "size":3221524414
    },
    {
        "category":"raw_data",
        "vendor":"HERE",
        "name":"junction_view",
        "region":"KOR",
        "data_path":"/var/www/html/data/KOR_HERE_17Q3/components/junction_view",
        "size_pretty":"21.66 GB",
        "version":"17Q3",
        "size":23257269102
    },
    {
        "category":"raw_data",
        "vendor":"HERE",
        "name":"toll_cost",
        "region":"KOR",
        "data_path":"/var/www/html/data/KOR_HERE_17Q4/components/TOLL_COST",
        "size_pretty":"6.11 MB",
        "version":"17Q4",
        "size":6408966
    },
    {
        "category":"raw_data",
        "vendor":"HERE",
        "name":"new_address",
        "region":"KOR",
        "data_path":"/var/www/html/data/KOR_HERE_17Q4/components/NEW_ADDRESS",
        "size_pretty":"1.89 GB",
        "version":"17Q4",
        "size":2027451287
    },
    {
        "category":"raw_data",
        "vendor":"HERE",
        "name":"3D_landmark",
        "region":"KOR",
        "data_path":"/var/www/html/data/KOR_HERE_17Q4/components/3dlandmark_vendor",
        "size_pretty":"8.47 GB",
        "version":"17Q4",
        "size":9096017279
    },
    {
        "category":"raw_data",
        "vendor":"HERE",
        "name":"speed_camera",
        "region":"KOR",
        "data_path":"/var/www/html/data/KOR_HERE_17Q4/components/speed_camera",
        "size_pretty":"4.46 MB",
        "version":"17Q4",
        "size":4675352
    },
    {
        "category":"raw_data",
        "vendor":"HERE",
        "name":"rdf",
        "region":"KOR",
        "data_path":"/var/www/html/data/KOR_HERE_17Q4/__rdf",
        "size_pretty":"3.53 GB",
        "version":"17Q4",
        "size":3787107279
    },
    {
        "category":"raw_data",
        "vendor":"HERE",
        "name":"junction_view",
        "region":"KOR",
        "data_path":"/var/www/html/data/KOR_HERE_17Q4/components/junction_view",
        "size_pretty":"22.25 GB",
        "version":"17Q4",
        "size":23889157076
    }
]