[
    {
        "data_time":"055816",
        "data_type":"RC",
        "region":"unidb_cn",
        "version":"16q2",
        "database_name":"unidb_cn_axf_16q2_1.0.0.113943_170504_055816_mainland-RC",
        "size":116811943700
    },
    {
        "data_time":"055247",
        "data_type":"RC",
        "region":"unidb_cn",
        "version":"16q3",
        "database_name":"unidb_cn_axf_16q3_1.0.0.113978_170801_055247_mainland-RC",
        "size":122864930580
    },
    {
        "data_time":"123318",
        "data_type":"rc",
        "region":"unidb_cn",
        "version":"16q4",
        "database_name":"unidb_cn_axf_16q4_1.0.0.113978_170927_123318_mainland-rc",
        "size":128475565844
    },
    {
        "data_time":"101944",
        "data_type":"RC",
        "region":"unidb_cn",
        "version":"17q1",
        "database_name":"unidb_cn_axf_17q1_1.0.0.113978_170831_101944_allregion-RC",
        "size":130869202708
    },
    {
        "data_time":"021014",
        "data_type":"rc",
        "region":"unidb_cn",
        "version":"17q2",
        "database_name":"unidb_cn_axf_17q2_1.0.0.517924_171027_021014-rc",
        "size":138723561236
    },
    {
        "data_time":"070115",
        "data_type":"rc",
        "region":"unidb_cn",
        "version":"17q3",
        "database_name":"unidb_cn_axf_17q3_1.0.0.520048_171112_070115-rc",
        "size":192274239252
    },
    {
        "data_time":"092132",
        "data_type":"rc",
        "region":"unidb_cn",
        "version":"17q4",
        "database_name":"unidb_cn_axf_17q4_1.0.0.525970_180115_092132-rc",
        "size":154291212052
    }
]