[
    {
        "database_name":"cn_axf_14q3_4city",
        "version":"14q3",
        "vendor":"AUTONAVI",
        "region":"cn",
        "size":2952228628
    },
    {
        "database_name":"cn_axf_16q2",
        "version":"16q2",
        "vendor":"AUTONAVI",
        "region":"cn",
        "size":204118798100
    },
    {
        "database_name":"cn_axf_16q4",
        "version":"16q4",
        "vendor":"AUTONAVI",
        "region":"cn",
        "size":219230596884
    },
    {
        "database_name":"cn_axf_17q1",
        "version":"17q1",
        "vendor":"AUTONAVI",
        "region":"cn",
        "size":223188455188
    },
    {
        "database_name":"cn_axf_17q2",
        "version":"17q2",
        "vendor":"AUTONAVI",
        "region":"cn",
        "size":230396178196
    },
    {
        "database_name":"cn_axf_17q3_old",
        "version":"17q3",
        "vendor":"AUTONAVI",
        "region":"cn",
        "size":240732376852
    },
    {
        "database_name":"cn_axf_17q3",
        "version":"17q3",
        "vendor":"AUTONAVI",
        "region":"cn",
        "size":240525414164
    },
    {
        "database_name":"cn_axf_17q4",
        "version":"17q4",
        "vendor":"AUTONAVI",
        "region":"cn",
        "size":275869650708
    },
    {
        "database_name":"unidb_cn_axf_16q2_1.0.0.113943_170504_055816_mainland-RC",
        "version":"16q2",
        "vendor":"AUTONAVI",
        "region":"cn",
        "size":118075920148
    },
    {
        "database_name":"unidb_cn_axf_16q3_1.0.0.113978_170801_055247_mainland-RC",
        "version":"16q3",
        "vendor":"AUTONAVI",
        "region":"cn",
        "size":122864930580
    },
    {
        "database_name":"unidb_cn_axf_16q4_1.0.0.113978_170927_123318_mainland-rc",
        "version":"16q4",
        "vendor":"AUTONAVI",
        "region":"cn",
        "size":128475565844
    },
    {
        "database_name":"unidb_cn_axf_17q1_1.0.0.528173_180204_085825-rc",
        "version":"17q1",
        "vendor":"AUTONAVI",
        "region":"cn",
        "size":133309738772
    },
    {
        "database_name":"unidb_cn_axf_17q2_1.0.0.529918_180211_094218-rc",
        "version":"17q2",
        "vendor":"AUTONAVI",
        "region":"cn",
        "size":132221169428
    },
    {
        "database_name":"unidb_cn_axf_17q3_1.0.0.528173_180316_030223-rc",
        "version":"17q3",
        "vendor":"AUTONAVI",
        "region":"cn",
        "size":145622109972
    },
    {
        "database_name":"unidb_cn_axf_17q3_1.0.0.530603_180224_064737-rc",
        "version":"17q3",
        "vendor":"AUTONAVI",
        "region":"cn",
        "size":140209934100
    },
    {
        "database_name":"unidb_cn_axf_17q4_1.0.0.525970_180115_092132-rc",
        "version":"17q4",
        "vendor":"AUTONAVI",
        "region":"cn",
        "size":154425618196
    }
]