[
    {
        "category":"rdfdb",
        "vendor":"HERE",
        "name":"HERE_EU16Q4",
        "region":"EU",
        "size_pretty":"945.21 GB",
        "version":"16Q4",
        "size":1014906724044
    },
    {
        "category":"rdfdb",
        "vendor":"HERE",
        "name":"HERE_EU17Q1",
        "region":"EU",
        "size_pretty":"910.70 GB",
        "version":"17Q1",
        "size":977855422156
    },
    {
        "category":"rdfdb",
        "vendor":"HERE",
        "name":"HERE_EU17Q2",
        "region":"EU",
        "size_pretty":"957.80 GB",
        "version":"17Q2",
        "size":1028434845388
    },
    {
        "category":"rdfdb",
        "vendor":"HERE",
        "name":"HERE_EU17Q3",
        "region":"EU",
        "size_pretty":"978.80 GB",
        "version":"17Q3",
        "size":1050980622028
    },
    {
        "category":"rdfdb",
        "vendor":"HERE",
        "name":"HERE_EU17Q4",
        "region":"EU",
        "size_pretty":"983.86 GB",
        "version":"17Q4",
        "size":1056407183052
    }
]