[
  {
    "name": "toll_cost",
    "path": "components/TOLL_COST",
    "regions": "KOR"
  },
  {
    "name": "hamlet",
    "path": "components/hamlet",
    "regions": ""
  },
  {
    "name": "new_address",
    "path": "components/NEW_ADDRESS",
    "regions": "KOR"
  },
  {
    "name": "GJV",
    "path": "components/GJV",
    "regions": "MEA|NA|TWN|IND|SEA|EU|SA|ANZ"
  },
  {
    "name": "post_code",
    "path": "components/postal_code",
    "regions": "EU"
  },
  {
    "name": "3D_landmark",
    "path": "components/3dlandmark_vendor",
    "regions": "MEA|NA|TWN|IND|SEA|EU|SA|ANZ|CN|CN_Level0|KOR"
  },
  {
    "name": "speed_camera",
    "path": "components/speed_camera",
    "regions": "MEA|NA|TWN|IND|SEA|EU|SA|ANZ|CN|KOR"
  },
  {
    "name": "rdf",
    "path": "_rdf",
    "regions": "MEA|NA|TWN|IND|SEA|EU|SA|ANZ|CN|CN_Level0|KOR"
  },
  {
    "name": "level0_sensitive",
    "path": "components/level0",
    "regions": ""
  },
  {
    "name": "level2_sensitive",
    "path": "components/level2_sensitive",
    "regions": "CN"
  },
  {
    "name": "junction_view",
    "path": "components/junction_view",
    "regions": "MEA|NA|TWN|IND|SEA|EU|SA|ANZ|CN|KOR"
  },
  {
    "name": "speed_pattern",
    "path": "components/speed_pattern",
    "regions": "MEA|NA|TWN|IND|SEA|EU|SA|ANZ|CN"
  },
  {
    "name": "traffic_location",
    "path": "components/traffic_location",
    "regions": "MEA|NA|TWN|IND|SEA|EU|SA|ANZ|CN"
  },
  {
    "name": "cn_add_content",
    "path": "components/additional_content",
    "regions": "CN"
  }
]