[
    {
        "name":"CN_AXF_15Q4",
        "region":"CN",
        "data_path":"/var/www/html/ec_latest_builds/DENALI_PBF/CN_AXF_15Q4",
        "data_list":[],
        "version":"15Q4",
        "pbf_pretty_size":"0.0 Byte",
        "size":0
    },
    {
        "name":"CN_AXF_16Q1",
        "region":"CN",
        "data_path":"/var/www/html/ec_latest_builds/DENALI_PBF/CN_AXF_16Q1",
        "data_list":[],
        "version":"16Q1",
        "pbf_pretty_size":"0.0 Byte",
        "size":0
    },
    {
        "name":"CN_AXF_16Q2",
        "region":"CN",
        "data_path":"/var/www/html/ec_latest_builds/DENALI_PBF/CN_AXF_16Q2",
        "data_list":[],
        "version":"16Q2",
        "pbf_pretty_size":"0.0 Byte",
        "size":0
    },
    {
        "name":"CN_AXF_17Q1",
        "region":"CN",
        "data_path":"/var/www/html/ec_latest_builds/DENALI_PBF/CN_AXF_17Q1",
        "data_list":[
            {
                "name":"DENALI_PBF-CN_AXF_17Q1-AdaptorG2_UniDB_1.0.0.113226-20171116171051-TEST",
                "data_type":"TEST",
                "data_path":"/var/www/html/ec_latest_builds/DENALI_PBF/CN_AXF_17Q1/DENALI_PBF-CN_AXF_17Q1-AdaptorG2_UniDB_1.0.0.113226-20171116171051-TEST",
                "data_size":1722,
                "data_pretty_size":"1.68 KB",
                "data_time":"20171116171051"
            },
            {
                "name":"DENALI_PBF-CN_AXF_17Q1-AdaptorG2_UniDB_1.0.0.113226-20171116171728-TEST",
                "data_type":"TEST",
                "data_path":"/var/www/html/ec_latest_builds/DENALI_PBF/CN_AXF_17Q1/DENALI_PBF-CN_AXF_17Q1-AdaptorG2_UniDB_1.0.0.113226-20171116171728-TEST",
                "data_size":1951,
                "data_pretty_size":"1.91 KB",
                "data_time":"20171116171728"
            },
            {
                "name":"DENALI_PBF-CN_AXF_17Q1-AdaptorG2_UniDB_1.0.0.113226-20171116173942-TEST",
                "data_type":"TEST",
                "data_path":"/var/www/html/ec_latest_builds/DENALI_PBF/CN_AXF_17Q1/DENALI_PBF-CN_AXF_17Q1-AdaptorG2_UniDB_1.0.0.113226-20171116173942-TEST",
                "data_size":1950,
                "data_pretty_size":"1.90 KB",
                "data_time":"20171116173942"
            },
            {
                "name":"DENALI_PBF-CN_AXF_17Q1-AdaptorG2_UniDB_1.0.0.517924-20171116174155-TEST",
                "data_type":"TEST",
                "data_path":"/var/www/html/ec_latest_builds/DENALI_PBF/CN_AXF_17Q1/DENALI_PBF-CN_AXF_17Q1-AdaptorG2_UniDB_1.0.0.517924-20171116174155-TEST",
                "data_size":135925926,
                "data_pretty_size":"129.63 MB",
                "data_time":"20171116174155"
            }
        ],
        "version":"17Q1",
        "pbf_pretty_size":"129.63 MB",
        "size":135931549
    },
    {
        "name":"CN_AXF_17Q2",
        "region":"CN",
        "data_path":"/var/www/html/ec_latest_builds/DENALI_PBF/CN_AXF_17Q2",
        "data_list":[
            {
                "name":"DENALI_PBF-CN_AXF_17Q2-AdaptorG2_UniDB_1.0.0.515045-20171121103424-TEST",
                "data_type":"TEST",
                "data_path":"/var/www/html/ec_latest_builds/DENALI_PBF/CN_AXF_17Q2/DENALI_PBF-CN_AXF_17Q2-AdaptorG2_UniDB_1.0.0.515045-20171121103424-TEST",
                "data_size":1984,
                "data_pretty_size":"1.94 KB",
                "data_time":"20171121103424"
            },
            {
                "name":"DENALI_PBF-CN_AXF_17Q2-AdaptorG2_UniDB_1.0.0.515045-20171121110706-TEST",
                "data_type":"TEST",
                "data_path":"/var/www/html/ec_latest_builds/DENALI_PBF/CN_AXF_17Q2/DENALI_PBF-CN_AXF_17Q2-AdaptorG2_UniDB_1.0.0.515045-20171121110706-TEST",
                "data_size":3332,
                "data_pretty_size":"3.25 KB",
                "data_time":"20171121110706"
            },
            {
                "name":"DENALI_PBF-CN_AXF_17Q2-AdaptorG2_UniDB_1.0.0.515045-20171121111548-TEST",
                "data_type":"TEST",
                "data_path":"/var/www/html/ec_latest_builds/DENALI_PBF/CN_AXF_17Q2/DENALI_PBF-CN_AXF_17Q2-AdaptorG2_UniDB_1.0.0.515045-20171121111548-TEST",
                "data_size":48682506,
                "data_pretty_size":"46.43 MB",
                "data_time":"20171121111548"
            },
            {
                "name":"DENALI_PBF-CN_AXF_17Q2-AdaptorG2_UniDB_1.0.0.515045-20171121133922-TEST",
                "data_type":"TEST",
                "data_path":"/var/www/html/ec_latest_builds/DENALI_PBF/CN_AXF_17Q2/DENALI_PBF-CN_AXF_17Q2-AdaptorG2_UniDB_1.0.0.515045-20171121133922-TEST",
                "data_size":48683378,
                "data_pretty_size":"46.43 MB",
                "data_time":"20171121133922"
            },
            {
                "name":"DENALI_PBF-CN_AXF_17Q2-AdaptorG2_UniDB_1.0.0.515045-20171121153112-TEST",
                "data_type":"TEST",
                "data_path":"/var/www/html/ec_latest_builds/DENALI_PBF/CN_AXF_17Q2/DENALI_PBF-CN_AXF_17Q2-AdaptorG2_UniDB_1.0.0.515045-20171121153112-TEST",
                "data_size":48696154,
                "data_pretty_size":"46.44 MB",
                "data_time":"20171121153112"
            },
            {
                "name":"DENALI_PBF-CN_AXF_17Q2-AdaptorG2_UniDB_1.0.0.515045-20171129163328-TEST",
                "data_type":"TEST",
                "data_path":"/var/www/html/ec_latest_builds/DENALI_PBF/CN_AXF_17Q2/DENALI_PBF-CN_AXF_17Q2-AdaptorG2_UniDB_1.0.0.515045-20171129163328-TEST",
                "data_size":48471770,
                "data_pretty_size":"46.23 MB",
                "data_time":"20171129163328"
            },
            {
                "name":"DENALI_PBF-CN_AXF_17Q2-AdaptorG2_UniDB_1.0.0.515045-20171129164337-TEST",
                "data_type":"TEST",
                "data_path":"/var/www/html/ec_latest_builds/DENALI_PBF/CN_AXF_17Q2/DENALI_PBF-CN_AXF_17Q2-AdaptorG2_UniDB_1.0.0.515045-20171129164337-TEST",
                "data_size":48471769,
                "data_pretty_size":"46.23 MB",
                "data_time":"20171129164337"
            },
            {
                "name":"DENALI_PBF-CN_AXF_17Q2-AdaptorG2_UniDB_1.0.0.515045-20171129170303-TEST",
                "data_type":"TEST",
                "data_path":"/var/www/html/ec_latest_builds/DENALI_PBF/CN_AXF_17Q2/DENALI_PBF-CN_AXF_17Q2-AdaptorG2_UniDB_1.0.0.515045-20171129170303-TEST",
                "data_size":47792697,
                "data_pretty_size":"45.58 MB",
                "data_time":"20171129170303"
            },
            {
                "name":"DENALI_PBF-CN_AXF_17Q2-AdaptorG2_UniDB_1.0.0.515045-20171129171845-TEST",
                "data_type":"TEST",
                "data_path":"/var/www/html/ec_latest_builds/DENALI_PBF/CN_AXF_17Q2/DENALI_PBF-CN_AXF_17Q2-AdaptorG2_UniDB_1.0.0.515045-20171129171845-TEST",
                "data_size":47792250,
                "data_pretty_size":"45.58 MB",
                "data_time":"20171129171845"
            },
            {
                "name":"DENALI_PBF-CN_AXF_17Q2-AdaptorG2_UniDB_1.0.0.515045-20171211095133-TEST",
                "data_type":"TEST",
                "data_path":"/var/www/html/ec_latest_builds/DENALI_PBF/CN_AXF_17Q2/DENALI_PBF-CN_AXF_17Q2-AdaptorG2_UniDB_1.0.0.515045-20171211095133-TEST",
                "data_size":1979,
                "data_pretty_size":"1.93 KB",
                "data_time":"20171211095133"
            },
            {
                "name":"DENALI_PBF-CN_AXF_17Q2-AdaptorG2_UniDB_1.0.0.515045-20171211095404-TEST",
                "data_type":"TEST",
                "data_path":"/var/www/html/ec_latest_builds/DENALI_PBF/CN_AXF_17Q2/DENALI_PBF-CN_AXF_17Q2-AdaptorG2_UniDB_1.0.0.515045-20171211095404-TEST",
                "data_size":761094918,
                "data_pretty_size":"725.84 MB",
                "data_time":"20171211095404"
            },
            {
                "name":"DENALI_PBF-CN_AXF_17Q2-AdaptorG2_UniDB_1.0.0.515045-20171218164036-TEST",
                "data_type":"TEST",
                "data_path":"/var/www/html/ec_latest_builds/DENALI_PBF/CN_AXF_17Q2/DENALI_PBF-CN_AXF_17Q2-AdaptorG2_UniDB_1.0.0.515045-20171218164036-TEST",
                "data_size":47793158,
                "data_pretty_size":"45.58 MB",
                "data_time":"20171218164036"
            }
        ],
        "version":"17Q2",
        "pbf_pretty_size":"1.07 GB",
        "size":1147485895
    },
    {
        "name":"CN_AXF_17Q4",
        "region":"CN",
        "data_path":"/var/www/html/ec_latest_builds/DENALI_PBF/CN_AXF_17Q4",
        "data_list":[
            {
                "name":"DENALI_PBF-CN_AXF_17Q4-AdaptorG2_UniDB_1.0.0.525970-20180115172027-RC",
                "data_type":"RC",
                "data_path":"/var/www/html/ec_latest_builds/DENALI_PBF/CN_AXF_17Q4/DENALI_PBF-CN_AXF_17Q4-AdaptorG2_UniDB_1.0.0.525970-20180115172027-RC",
                "data_size":29616317642,
                "data_pretty_size":"27.58 GB",
                "data_time":"20180115172027"
            }
        ],
        "version":"17Q4",
        "pbf_pretty_size":"27.58 GB",
        "size":29616317642
    }
]