[
    {
        "data_time":"20160819155341",
        "data_type":"RC",
        "region":"KOR",
        "version":"15Q4",
        "database_name":"UniDB_HERE_KOR15Q4_1.0.0.452579-20160819155341-RC_v2",
        "size":82042552836
    },
    {
        "data_time":"20160819155341",
        "data_type":"RC",
        "region":"KOR",
        "version":"15Q4",
        "database_name":"UniDB_HERE_KOR15Q4_1.0.0.452579-20160819155341-RC",
        "size":42091119108
    },
    {
        "data_time":"20170118181328",
        "data_type":"RC",
        "region":"KOR",
        "version":"16Q3",
        "database_name":"UniDB_HERE_KOR16Q3_1.0.0.475376-20170118181328-RC",
        "size":42907419140
    },
    {
        "data_time":"20170222220134",
        "data_type":"RC",
        "region":"KOR",
        "version":"16Q3",
        "database_name":"UniDB_HERE_KOR16Q3_1.0.0.480481-20170222220134-RC",
        "size":42919469572
    },
    {
        "data_time":"20170301193203",
        "data_type":"RC",
        "region":"KOR",
        "version":"16Q3",
        "database_name":"UniDB_HERE_KOR16Q3_1.0.0.481617-20170301193203-RC",
        "size":42916679444
    },
    {
        "data_time":"20161027154715",
        "data_type":"RC",
        "region":"KOR",
        "version":"16Q3",
        "database_name":"UniDB_HERE_KOR16Q3_1.0.0.462858-20161027154715-RC",
        "size":43041169924
    },
    {
        "data_time":"20160914114024",
        "data_type":"RC",
        "region":"KOR",
        "version":"16Q3",
        "database_name":"UniDB_HERE_KOR16Q3_1.0.0.456374-20160914114024-RC",
        "size":42922299156
    },
    {
        "data_time":"20170426160550",
        "data_type":"RC",
        "region":"KOR",
        "version":"17Q1",
        "database_name":"UniDB_HERE_KOR17Q1_1.0.0.490639-20170426160550-RC",
        "size":44527357716
    },
    {
        "data_time":"20170731150444",
        "data_type":"RC",
        "region":"KOR",
        "version":"17Q1",
        "database_name":"UniDB_HERE_KOR17Q1_1.0.0.504930-20170731150444-RC",
        "size":49318686484
    },
    {
        "data_time":"20171121142839",
        "data_type":"DEV",
        "region":"KOR",
        "version":"17Q1",
        "database_name":"UniDB_HERE_KOR17Q1_1.0.0.521907-20171121142839-DEV",
        "size":44729208596
    },
    {
        "data_time":"20170417230654",
        "data_type":"DEV",
        "region":"KOR",
        "version":"17Q1",
        "database_name":"UniDB_HERE_KOR17Q1_1.0.0.489121-20170417230654-DEV",
        "size":44512641540
    },
    {
        "data_time":"20171120192500",
        "data_type":"RC",
        "region":"KOR",
        "version":"17Q1",
        "database_name":"UniDB_HERE_KOR17Q1_1.0.0.521545-20171120192500-RC",
        "size":44579480068
    },
    {
        "data_time":"20171228182248",
        "data_type":"DEV",
        "region":"KOR",
        "version":"17Q1",
        "database_name":"UniDB_HERE_KOR17Q1_1.0.0.525714-20171228182248-DEV",
        "size":44615053076
    },
    {
        "data_time":"20180102160659",
        "data_type":"DEV",
        "region":"KOR",
        "version":"17Q1",
        "database_name":"UniDB_HERE_KOR17Q1_1.0.0.525886-20180102160659-DEV",
        "size":44645969684
    },
    {
        "data_time":"20171215193725",
        "data_type":"DEV",
        "region":"KOR",
        "version":"17Q4",
        "database_name":"UniDB_HERE_KOR17Q4_1.0.0.523239-20171215193725-DEV",
        "size":51307794196
    },
    {
        "data_time":"20180109121111",
        "data_type":"RC",
        "region":"KOR",
        "version":"17Q4",
        "database_name":"UniDB_HERE_KOR17Q4_1.0.0.526325-20180109121111-RC",
        "size":51254832916
    }
]