[
    {
        "category":"raw_data",
        "vendor":"AUTONAVI",
        "name":"3D_landmark",
        "region":"CN",
        "data_path":"/var/www/html/data/CN_AXF_15Q4/components/3dlandmark_vendor",
        "size_pretty":"299.24 MB",
        "version":"15Q4",
        "size":313781013
    },
    {
        "category":"raw_data",
        "vendor":"AUTONAVI",
        "name":"junction_view",
        "region":"CN",
        "data_path":"/var/www/html/data/CN_AXF_15Q4/components/junction_view",
        "size_pretty":"0.0 Byte",
        "version":"15Q4",
        "size":0
    },
    {
        "category":"raw_data",
        "vendor":"AUTONAVI",
        "name":"speed_pattern",
        "region":"CN",
        "data_path":"/var/www/html/data/CN_AXF_15Q4/components/speed_pattern",
        "size_pretty":"259.92 MB",
        "version":"15Q4",
        "size":272546516
    },
    {
        "category":"raw_data",
        "vendor":"AUTONAVI",
        "name":"traffic_location",
        "region":"CN",
        "data_path":"/var/www/html/data/CN_AXF_15Q4/components/traffic_location",
        "size_pretty":"5.69 MB",
        "version":"15Q4",
        "size":5970182
    },
    {
        "category":"raw_data",
        "vendor":"AUTONAVI",
        "name":"3D_landmark",
        "region":"CN",
        "data_path":"/var/www/html/data/CN_AXF_16Q1/components/3dlandmark_vendor",
        "size_pretty":"298.94 MB",
        "version":"16Q1",
        "size":313457470
    },
    {
        "category":"raw_data",
        "vendor":"AUTONAVI",
        "name":"junction_view",
        "region":"CN",
        "data_path":"/var/www/html/data/CN_AXF_16Q1/components/junction_view",
        "size_pretty":"0.0 Byte",
        "version":"16Q1",
        "size":0
    },
    {
        "category":"raw_data",
        "vendor":"AUTONAVI",
        "name":"speed_pattern",
        "region":"CN",
        "data_path":"/var/www/html/data/CN_AXF_16Q1/components/speed_pattern",
        "size_pretty":"152.0 Byte",
        "version":"16Q1",
        "size":152
    },
    {
        "category":"raw_data",
        "vendor":"AUTONAVI",
        "name":"traffic_location",
        "region":"CN",
        "data_path":"/var/www/html/data/CN_AXF_16Q1/components/traffic_location",
        "size_pretty":"68.0 Byte",
        "version":"16Q1",
        "size":68
    },
    {
        "category":"raw_data",
        "vendor":"AUTONAVI",
        "name":"3D_landmark",
        "region":"CN",
        "data_path":"/var/www/html/data/CN_AXF_16Q2/components/3dlandmark_vendor",
        "size_pretty":"298.92 MB",
        "version":"16Q2",
        "size":313441119
    },
    {
        "category":"raw_data",
        "vendor":"AUTONAVI",
        "name":"junction_view",
        "region":"CN",
        "data_path":"/var/www/html/data/CN_AXF_16Q2/components/junction_view",
        "size_pretty":"7.67 GB",
        "version":"16Q2",
        "size":8237106842
    },
    {
        "category":"raw_data",
        "vendor":"AUTONAVI",
        "name":"speed_pattern",
        "region":"CN",
        "data_path":"/var/www/html/data/CN_AXF_16Q2/components/speed_pattern",
        "size_pretty":"209.31 MB",
        "version":"16Q2",
        "size":219481219
    },
    {
        "category":"raw_data",
        "vendor":"AUTONAVI",
        "name":"traffic_location",
        "region":"CN",
        "data_path":"/var/www/html/data/CN_AXF_16Q2/components/traffic_location",
        "size_pretty":"5.69 MB",
        "version":"16Q2",
        "size":5969992
    },
    {
        "category":"raw_data",
        "vendor":"AUTONAVI",
        "name":"3D_landmark",
        "region":"CN",
        "data_path":"/var/www/html/data/CN_AXF_16Q3/components/3dlandmark_vendor",
        "size_pretty":"299.20 MB",
        "version":"16Q3",
        "size":313730069
    },
    {
        "category":"raw_data",
        "vendor":"AUTONAVI",
        "name":"junction_view",
        "region":"CN",
        "data_path":"/var/www/html/data/CN_AXF_16Q3/components/junction_view",
        "size_pretty":"7.58 GB",
        "version":"16Q3",
        "size":8140380542
    },
    {
        "category":"raw_data",
        "vendor":"AUTONAVI",
        "name":"speed_pattern",
        "region":"CN",
        "data_path":"/var/www/html/data/CN_AXF_16Q3/components/speed_pattern",
        "size_pretty":"259.92 MB",
        "version":"16Q3",
        "size":272546516
    },
    {
        "category":"raw_data",
        "vendor":"AUTONAVI",
        "name":"traffic_location",
        "region":"CN",
        "data_path":"/var/www/html/data/CN_AXF_16Q3/components/traffic_location",
        "size_pretty":"68.0 Byte",
        "version":"16Q3",
        "size":68
    },
    {
        "category":"raw_data",
        "vendor":"AUTONAVI",
        "name":"speed_pattern",
        "region":"CN",
        "data_path":"/var/www/html/data/CN_AXF_16Q3_PART/components/speed_pattern",
        "size_pretty":"2.96 GB",
        "version":"16Q3",
        "size":3180905073
    },
    {
        "category":"raw_data",
        "vendor":"AUTONAVI",
        "name":"3D_landmark",
        "region":"CN",
        "data_path":"/var/www/html/data/CN_AXF_16Q4/components/3dlandmark_vendor",
        "size_pretty":"299.20 MB",
        "version":"16Q4",
        "size":313730069
    },
    {
        "category":"raw_data",
        "vendor":"AUTONAVI",
        "name":"junction_view",
        "region":"CN",
        "data_path":"/var/www/html/data/CN_AXF_16Q4/components/junction_view",
        "size_pretty":"7.31 GB",
        "version":"16Q4",
        "size":7854318153
    },
    {
        "category":"raw_data",
        "vendor":"AUTONAVI",
        "name":"speed_pattern",
        "region":"CN",
        "data_path":"/var/www/html/data/CN_AXF_16Q4/components/speed_pattern",
        "size_pretty":"26.90 GB",
        "version":"16Q4",
        "size":28883455719
    },
    {
        "category":"raw_data",
        "vendor":"AUTONAVI",
        "name":"traffic_location",
        "region":"CN",
        "data_path":"/var/www/html/data/CN_AXF_16Q4/components/traffic_location",
        "size_pretty":"5.69 MB",
        "version":"16Q4",
        "size":5969992
    },
    {
        "category":"raw_data",
        "vendor":"AUTONAVI",
        "name":"3D_landmark",
        "region":"CN",
        "data_path":"/var/www/html/data/CN_AXF_17Q1/components/3dlandmark_vendor",
        "size_pretty":"299.20 MB",
        "version":"17Q1",
        "size":313730069
    },
    {
        "category":"raw_data",
        "vendor":"AUTONAVI",
        "name":"junction_view",
        "region":"CN",
        "data_path":"/var/www/html/data/CN_AXF_17Q1/components/junction_view",
        "size_pretty":"7.34 GB",
        "version":"17Q1",
        "size":7878561601
    },
    {
        "category":"raw_data",
        "vendor":"AUTONAVI",
        "name":"speed_pattern",
        "region":"CN",
        "data_path":"/var/www/html/data/CN_AXF_17Q1/components/speed_pattern",
        "size_pretty":"16.43 GB",
        "version":"17Q1",
        "size":17644221114
    },
    {
        "category":"raw_data",
        "vendor":"AUTONAVI",
        "name":"traffic_location",
        "region":"CN",
        "data_path":"/var/www/html/data/CN_AXF_17Q1/components/traffic_location",
        "size_pretty":"68.0 Byte",
        "version":"17Q1",
        "size":68
    },
    {
        "category":"raw_data",
        "vendor":"AUTONAVI",
        "name":"3D_landmark",
        "region":"CN",
        "data_path":"/var/www/html/data/CN_AXF_17Q2/components/3dlandmark_vendor",
        "size_pretty":"299.28 MB",
        "version":"17Q2",
        "size":313819161
    },
    {
        "category":"raw_data",
        "vendor":"AUTONAVI",
        "name":"junction_view",
        "region":"CN",
        "data_path":"/var/www/html/data/CN_AXF_17Q2/components/junction_view",
        "size_pretty":"7.11 GB",
        "version":"17Q2",
        "size":7639129027
    },
    {
        "category":"raw_data",
        "vendor":"AUTONAVI",
        "name":"speed_pattern",
        "region":"CN",
        "data_path":"/var/www/html/data/CN_AXF_17Q2/components/speed_pattern",
        "size_pretty":"15.35 GB",
        "version":"17Q2",
        "size":16486760680
    },
    {
        "category":"raw_data",
        "vendor":"AUTONAVI",
        "name":"traffic_location",
        "region":"CN",
        "data_path":"/var/www/html/data/CN_AXF_17Q2/components/traffic_location",
        "size_pretty":"5.39 MB",
        "version":"17Q2",
        "size":5652552
    },
    {
        "category":"raw_data",
        "vendor":"AUTONAVI",
        "name":"3D_landmark",
        "region":"CN",
        "data_path":"/var/www/html/data/CN_AXF_17Q3/components/3dlandmark_vendor",
        "size_pretty":"262.00 MB",
        "version":"17Q3",
        "size":274730160
    },
    {
        "category":"raw_data",
        "vendor":"AUTONAVI",
        "name":"junction_view",
        "region":"CN",
        "data_path":"/var/www/html/data/CN_AXF_17Q3/components/junction_view",
        "size_pretty":"6.79 GB",
        "version":"17Q3",
        "size":7289778337
    },
    {
        "category":"raw_data",
        "vendor":"AUTONAVI",
        "name":"speed_pattern",
        "region":"CN",
        "data_path":"/var/www/html/data/CN_AXF_17Q3/components/speed_pattern",
        "size_pretty":"25.69 GB",
        "version":"17Q3",
        "size":27583877550
    },
    {
        "category":"raw_data",
        "vendor":"AUTONAVI",
        "name":"3D_landmark",
        "region":"CN",
        "data_path":"/var/www/html/data/CN_AXF_17Q4/components/3dlandmark_vendor",
        "size_pretty":"262.04 MB",
        "version":"17Q4",
        "size":274765789
    },
    {
        "category":"raw_data",
        "vendor":"AUTONAVI",
        "name":"junction_view",
        "region":"CN",
        "data_path":"/var/www/html/data/CN_AXF_17Q4/components/junction_view",
        "size_pretty":"6.77 GB",
        "version":"17Q4",
        "size":7264112367
    },
    {
        "category":"raw_data",
        "vendor":"AUTONAVI",
        "name":"speed_pattern",
        "region":"CN",
        "data_path":"/var/www/html/data/CN_AXF_17Q4/components/speed_pattern",
        "size_pretty":"31.59 GB",
        "version":"17Q4",
        "size":33921735477
    }
]