[
    {
        "category":"rdfdb",
        "vendor":"AUTONAVI",
        "name":"cn_axf_14q3_4city",
        "region":"cn",
        "size_pretty":"2.75 GB",
        "version":"14Q3",
        "size":2952228628
    },
    {
        "category":"rdfdb",
        "vendor":"AUTONAVI",
        "name":"cn_axf_16q2",
        "region":"cn",
        "size_pretty":"190.10 GB",
        "version":"16Q2",
        "size":204118798100
    },
    {
        "category":"rdfdb",
        "vendor":"AUTONAVI",
        "name":"cn_axf_16q4",
        "region":"cn",
        "size_pretty":"204.17 GB",
        "version":"16Q4",
        "size":219230596884
    },
    {
        "category":"rdfdb",
        "vendor":"AUTONAVI",
        "name":"cn_axf_17q1",
        "region":"cn",
        "size_pretty":"207.86 GB",
        "version":"17Q1",
        "size":223188455188
    },
    {
        "category":"rdfdb",
        "vendor":"AUTONAVI",
        "name":"cn_axf_17q2",
        "region":"cn",
        "size_pretty":"214.57 GB",
        "version":"17Q2",
        "size":230396178196
    },
    {
        "category":"rdfdb",
        "vendor":"AUTONAVI",
        "name":"cn_axf_17q3_old",
        "region":"cn",
        "size_pretty":"224.20 GB",
        "version":"17Q3",
        "size":240732376852
    },
    {
        "category":"rdfdb",
        "vendor":"AUTONAVI",
        "name":"cn_axf_17q3",
        "region":"cn",
        "size_pretty":"224.01 GB",
        "version":"17Q3",
        "size":240525414164
    },
    {
        "category":"rdfdb",
        "vendor":"AUTONAVI",
        "name":"cn_axf_17q4",
        "region":"cn",
        "size_pretty":"256.92 GB",
        "version":"17Q4",
        "size":275869650708
    }
]